COMPANION_SEQ,TRAVEL_ID,REL_CD,COMPANION_GENDER,COMPANION_AGE_GRP,COMPANION_SITUATION
2,e_e000004,2,1,1,1
1,e_e000004,1,2,4,1
1,e_e000006,5,1,3,3
1,e_e000009,8,1,4,3
1,e_e000011,7,2,6,3
3,e_e000011,7,2,6,3
2,e_e000011,7,2,6,3
2,e_e000013,3,2,6,1
1,e_e000013,3,1,6,1
3,e_e000013,5,2,3,1
1,e_e000014,1,2,5,1
2,e_e000014,2,2,1,1
1,e_e000015,7,1,3,3
1,e_e000018,2,2,1,1
2,e_e000018,2,2,1,1
1,e_e000021,8,1,4,3
1,e_e000022,1,1,5,1
2,e_e000023,3,2,8,1
1,e_e000023,2,2,1,1
2,e_e000025,2,1,2,1
1,e_e000025,1,1,5,1
1,e_e000038,1,2,4,1
1,e_e000039,1,1,4,1
1,e_e000040,8,2,4,3
1,e_e000041,3,2,8,3
1,e_e000042,8,1,4,1
1,e_e000045,1,1,6,1
1,e_e000046,7,1,6,1
3,e_e000046,7,1,6,3
2,e_e000046,7,1,6,3
1,e_e000294,8,1,3,1
1,e_e000301,8,2,3,1
1,e_e000311,1,2,4,1
2,e_e000311,2,1,1,1
1,e_e000323,8,1,4,1
1,e_e000329,8,1,3,1
1,e_e000332,8,1,3,1
1,e_e000334,8,1,3,1
2,e_e000336,2,2,1,1
1,e_e000336,1,1,4,1
2,e_e000342,1,2,4,3
4,e_e000342,3,2,7,3
1,e_e000342,2,1,1,1
3,e_e000342,3,1,8,3
5,e_e000342,5,2,4,3
1,e_e000344,1,2,4,1
2,e_e000344,2,2,1,1
1,e_e000345,7,1,3,1
2,e_e000345,7,1,3,1
1,e_e000346,1,2,5,1
2,e_e000346,2,1,2,1
1,e_e000350,1,1,4,1
2,e_e000350,2,1,1,1
1,e_e000352,8,1,5,3
1,e_e000355,1,1,5,1
2,e_e000355,2,2,1,1
1,e_e000360,1,1,4,1
1,e_e000362,1,1,5,1
2,e_e000366,2,1,1,1
1,e_e000366,1,1,5,1
1,e_e000373,1,1,5,1
3,e_e000373,3,2,7,3
2,e_e000373,2,1,1,1
3,e_e000375,2,2,1,1
2,e_e000375,2,1,1,1
1,e_e000375,1,1,5,1
2,e_e000376,2,1,2,1
1,e_e000376,2,1,2,1
2,e_e000377,2,2,1,1
1,e_e000377,1,1,5,1
3,e_e000377,2,2,1,1
1,e_e000379,1,2,5,1
2,e_e000379,2,2,1,1
1,e_e000381,1,1,5,1
3,e_e000381,2,1,1,1
2,e_e000381,2,1,1,1
1,e_e000384,1,1,4,1
1,e_e000385,8,2,4,1
1,e_e000387,1,1,5,1
3,e_e000387,2,1,1,1
2,e_e000387,2,2,2,1
2,e_e000395,2,2,1,1
1,e_e000395,1,1,5,1
1,e_e000396,1,1,4,1
1,e_e000397,2,2,1,1
2,e_e000397,2,2,1,1
2,e_e000400,11,2,5,1
1,e_e000400,11,2,5,1
3,e_e000400,11,2,5,1
1,e_e000403,7,2,4,1
2,e_e000403,7,2,4,1
1,e_e000406,1,1,5,1
2,e_e000406,2,2,2,1
1,e_e000407,1,1,5,1
3,e_e000407,2,2,2,1
2,e_e000407,2,2,2,1
4,e_e000407,2,1,1,1
1,e_e000409,1,1,8,1
2,e_e000409,2,2,5,1
1,e_e000418,1,1,5,1
2,e_e000418,2,1,1,1
1,e_e000425,1,1,4,1
3,e_e000425,2,1,1,1
2,e_e000425,2,1,1,1
2,e_e000429,2,1,2,1
1,e_e000429,1,1,5,1
1,e_e000432,3,2,6,1
1,e_e000433,8,1,4,3
2,e_e000435,2,1,1,1
1,e_e000435,1,1,5,1
3,e_e000435,2,1,1,1
1,e_e000438,1,2,5,1
3,e_e000438,2,2,2,1
2,e_e000438,2,2,2,1
1,e_e000445,1,2,4,1
1,e_e000447,1,1,4,1
3,e_e000447,2,2,1,1
2,e_e000447,2,2,1,1
2,e_e000448,2,2,1,1
1,e_e000448,1,2,4,1
2,e_e000451,5,1,4,1
1,e_e000451,5,2,4,1
2,e_e000453,2,1,1,1
1,e_e000453,1,2,4,1
2,e_e000454,2,2,2,1
1,e_e000454,1,1,4,1
3,e_e000454,2,1,1,1
2,e_e000460,6,1,1,3
1,e_e000460,5,2,4,3
1,e_e000466,1,1,4,1
3,e_e000466,2,1,1,1
2,e_e000466,2,2,1,1
15,e_e000469,10,2,3,3
17,e_e000469,10,2,3,3
2,e_e000469,10,1,3,1
19,e_e000469,10,2,3,3
4,e_e000469,10,1,3,3
6,e_e000469,10,1,3,3
8,e_e000469,10,1,3,3
10,e_e000469,10,1,3,3
12,e_e000469,10,2,3,3
14,e_e000469,10,2,3,3
16,e_e000469,10,2,3,3
1,e_e000469,10,1,3,1
18,e_e000469,10,2,3,3
3,e_e000469,10,1,3,1
20,e_e000469,10,2,3,3
5,e_e000469,10,1,3,3
7,e_e000469,10,1,3,3
9,e_e000469,10,1,3,3
11,e_e000469,10,2,3,3
13,e_e000469,10,2,3,3
2,e_e000473,2,1,1,1
1,e_e000473,1,2,4,1
1,e_e000477,8,1,3,1
1,e_e000479,1,2,4,1
2,e_e000479,2,1,1,1
2,e_e000480,7,2,4,1
1,e_e000480,7,2,4,1
3,e_e000480,7,2,5,1
1,e_e000482,7,2,4,3
2,e_e000483,2,1,1,1
4,e_e000483,3,1,7,1
6,e_e000483,5,1,5,1
1,e_e000483,1,1,5,1
3,e_e000483,2,2,1,1
5,e_e000483,3,2,7,1
7,e_e000483,6,1,1,1
1,e_e000491,3,2,6,1
2,e_e000491,5,1,4,1
2,e_e000492,2,1,2,1
1,e_e000492,1,2,5,1
1,e_e000496,8,2,3,1
1,e_e000500,1,1,5,1
3,e_e000500,2,2,1,1
2,e_e000500,2,1,1,1
2,e_e000507,3,2,7,1
1,e_e000507,1,1,4,1
3,e_e000507,3,1,7,1
1,e_e000509,7,1,3,3
1,e_e000510,10,2,7,1
4,e_e000514,3,2,7,1
1,e_e000514,1,2,5,1
3,e_e000514,2,2,2,1
2,e_e000514,2,1,2,1
2,e_e000523,2,1,2,1
1,e_e000523,1,2,5,1
3,e_e000523,2,1,1,1
1,e_e000524,2,1,1,1
2,e_e000525,2,1,1,1
1,e_e000525,1,2,5,1
1,e_e000531,8,1,3,1
1,e_e000533,1,2,6,1
2,e_e000533,2,1,4,1
1,e_e000535,7,1,3,3
2,e_e000540,2,1,1,1
1,e_e000540,1,1,4,1
1,e_e000541,1,1,5,1
2,e_e000541,2,1,1,1
1,e_e000544,2,1,2,1
1,e_e000547,1,2,4,1
3,e_e000547,2,1,1,1
2,e_e000547,2,2,1,1
2,e_e000548,2,1,1,1
1,e_e000548,1,2,5,1
1,e_e000552,3,2,8,1
2,e_e000556,3,2,6,1
1,e_e000556,3,1,7,1
2,e_e000557,2,1,1,1
1,e_e000557,1,2,4,1
1,e_e000560,6,2,4,1
1,e_e000563,1,1,4,1
1,e_e000567,1,1,4,1
3,e_e000567,2,1,1,1
2,e_e000567,2,1,1,1
1,e_e000569,1,2,4,1
2,e_e000569,2,1,1,1
1,e_e000579,8,2,4,1
1,e_e000584,3,2,7,1
1,e_e000590,1,1,4,1
1,e_e000591,1,1,5,1
1,e_e000594,8,1,4,1
1,e_e000595,8,1,3,1
1,e_e000597,2,1,1,1
1,e_e000599,2,1,1,1
2,e_e000603,2,1,2,1
1,e_e000603,1,1,5,1
3,e_e000603,2,2,1,1
1,e_e000607,3,1,7,1
3,e_e000607,5,1,4,1
2,e_e000607,3,2,6,1
1,e_e000609,1,1,5,1
2,e_e000609,2,1,1,1
1,e_e000612,2,2,2,1
1,e_e000615,7,1,4,1
1,e_e000618,8,1,5,3
1,e_e000620,3,1,7,1
2,e_e000620,3,2,7,1
1,e_e000622,8,1,4,1
5,e_e000623,7,2,1,3
2,e_e000623,2,1,1,1
4,e_e000623,7,2,4,3
1,e_e000623,1,1,4,1
3,e_e000623,7,1,4,3
2,e_e000625,3,2,7,1
1,e_e000625,3,1,7,1
2,e_e000628,7,1,4,1
1,e_e000628,7,1,4,1
1,e_e000637,7,2,3,3
1,e_e000640,10,2,8,1
2,e_e000640,10,2,8,1
1,e_e000641,1,1,5,1
3,e_e000641,2,1,1,1
2,e_e000641,2,1,1,1
2,e_e000644,2,1,2,1
1,e_e000644,1,2,5,1
3,e_e000644,2,2,1,1
1,e_e000645,8,1,4,1
1,e_e000647,8,1,4,1
2,e_e000648,2,2,2,1
1,e_e000648,1,1,5,1
3,e_e000648,2,2,2,1
1,e_e000651,1,1,6,1
3,e_e000651,2,1,3,1
2,e_e000651,2,1,3,1
1,e_e000664,1,2,4,1
2,e_e000664,2,1,1,1
1,e_e000666,8,2,3,3
2,e_e000669,2,2,1,1
1,e_e000669,1,2,4,1
3,e_e000669,2,2,1,1
1,e_e000672,1,2,7,1
3,e_e000672,10,1,7,3
5,e_e000672,10,1,7,3
7,e_e000672,10,1,7,3
9,e_e000672,10,2,7,3
2,e_e000672,10,1,7,3
4,e_e000672,10,1,7,3
6,e_e000672,10,1,7,3
8,e_e000672,10,2,7,3
1,e_e000680,1,2,4,1
2,e_e000680,2,1,1,1
1,e_e000682,5,2,3,1
1,e_e000686,8,2,3,1
1,e_e000689,8,2,3,1
1,e_e000691,1,1,4,1
1,e_e000693,1,1,5,1
2,e_e000693,2,2,2,1
1,e_e000695,8,1,4,1
2,e_e000696,2,1,1,1
1,e_e000696,1,1,5,1
3,e_e000696,2,2,1,1
1,e_e000699,7,2,3,3
3,e_e000706,7,2,3,1
5,e_e000706,7,2,3,1
2,e_e000706,7,2,3,1
4,e_e000706,7,2,3,1
1,e_e000706,7,2,3,1
2,e_e000707,2,2,1,1
1,e_e000707,1,1,5,1
3,e_e000707,2,2,1,1
1,e_e000709,1,2,5,1
2,e_e000709,2,1,2,1
1,e_e000710,1,1,4,1
1,e_e000715,7,1,3,1
3,e_e000717,6,2,8,1
2,e_e000717,6,1,8,1
1,e_e000717,3,2,7,1
2,e_e000733,2,2,1,1
1,e_e000733,1,1,5,1
3,e_e000733,2,2,1,1
1,e_e000738,8,2,4,1
1,e_e000743,8,2,4,3
2,e_e000745,2,1,1,1
1,e_e000745,1,1,4,1
1,e_e000746,8,2,4,1
4,e_e000747,10,2,4,3
6,e_e000747,10,1,1,3
1,e_e000747,1,1,5,1
3,e_e000747,10,1,5,3
5,e_e000747,10,1,1,3
2,e_e000747,2,2,1,1
1,e_e000748,1,1,4,1
2,e_e000751,2,1,1,1
1,e_e000751,1,2,3,1
1,e_e000760,1,2,4,1
3,e_e000760,2,2,1,1
2,e_e000760,2,2,1,1
1,e_e000761,1,2,5,1
2,e_e000761,2,1,1,1
1,e_e000765,2,1,1,1
2,e_e000765,2,1,1,1
1,e_e000771,1,1,4,1
2,e_e000771,2,2,1,1
1,e_e000774,1,1,4,1
3,e_e000774,7,2,4,3
5,e_e000774,11,1,1,3
2,e_e000774,2,2,1,1
4,e_e000774,7,1,4,3
6,e_e000774,11,2,1,3
2,e_e000782,7,2,5,3
1,e_e000782,7,2,5,3
2,e_e000785,3,2,6,1
4,e_e000785,5,1,2,3
1,e_e000785,3,1,6,1
3,e_e000785,5,2,3,1
2,e_e000787,7,1,3,1
4,e_e000787,7,2,3,1
1,e_e000787,7,1,3,1
3,e_e000787,7,2,3,1
2,e_e000789,2,1,2,1
1,e_e000789,1,1,5,1
3,e_e000789,2,1,1,1
1,e_e000791,8,1,3,1
1,e_e000793,2,2,5,1
2,e_e000803,2,1,1,1
1,e_e000803,1,2,4,1
3,e_e000803,2,1,1,1
1,e_e000804,1,1,5,1
2,e_e000805,2,1,1,1
1,e_e000805,1,1,4,1
2,e_e000807,7,2,3,1
1,e_e000807,7,2,3,1
1,e_e000811,1,1,5,3
3,e_e000811,2,1,2,3
2,e_e000811,3,2,8,3
4,e_e000811,2,1,2,1
1,e_e000812,1,1,5,1
3,e_e000812,2,1,1,1
2,e_e000812,2,1,1,1
2,e_e000817,2,2,1,1
1,e_e000817,1,1,5,1
1,e_e000818,8,1,4,3
2,e_e000826,2,2,1,1
1,e_e000826,1,1,5,1
1,e_e000828,1,1,6,1
1,e_e000830,1,1,5,1
2,e_e000830,2,1,1,1
1,e_e000831,1,1,5,1
3,e_e000831,2,1,1,1
2,e_e000831,2,2,2,1
2,e_e000838,2,1,1,1
1,e_e000838,1,2,4,1
3,e_e000838,2,2,1,1
1,e_e000840,1,1,4,1
3,e_e000840,2,2,1,1
2,e_e000840,2,1,1,1
1,e_e000841,3,2,6,1
2,e_e000841,5,1,3,1
2,e_e000844,2,1,1,1
1,e_e000844,1,1,5,1
1,e_e000849,7,2,3,3
1,e_e000852,8,1,4,1
1,e_e000854,1,1,5,1
3,e_e000854,2,2,2,1
2,e_e000854,2,1,2,1
4,e_e000854,2,2,2,1
1,e_e000856,5,2,3,1
1,e_e000861,2,2,1,1
1,e_e000863,3,2,6,1
3,e_e000872,11,2,2,1
2,e_e000872,7,1,5,1
4,e_e000872,11,1,2,1
1,e_e000872,2,2,2,1
1,e_e000877,1,1,5,1
3,e_e000877,7,1,5,1
5,e_e000877,2,1,1,1
2,e_e000877,2,2,1,1
4,e_e000877,7,2,5,1
1,e_e000889,8,2,4,1
1,e_e000902,8,2,4,1
2,e_e000917,2,1,1,1
1,e_e000917,1,1,5,1
3,e_e000917,2,2,1,1
1,e_e000919,7,1,4,2
3,e_e000919,7,1,4,2
2,e_e000919,7,1,4,2
1,e_e000930,7,2,3,2
2,e_e000932,5,2,3,1
1,e_e000932,3,2,6,1
2,e_e000935,1,2,5,1
4,e_e000935,2,2,1,1
1,e_e000935,3,2,7,2
3,e_e000935,2,1,1,1
1,e_e000936,7,2,3,1
1,e_e000938,1,1,5,1
3,e_e000938,2,2,1,1
2,e_e000938,2,1,2,1
1,e_e000942,8,2,4,1
1,e_e000947,3,2,7,1
1,e_e000949,1,1,5,1
2,e_e000949,2,1,1,1
1,e_e000950,3,2,8,3
3,e_e000950,2,2,3,1
5,e_e000950,2,2,3,1
7,e_e000950,6,2,5,3
9,e_e000950,6,2,2,3
2,e_e000950,1,1,6,1
4,e_e000950,2,2,3,1
6,e_e000950,6,1,6,3
8,e_e000950,6,1,2,3
2,e_e000955,7,2,4,1
1,e_e000955,7,2,4,1
3,e_e000955,7,2,4,1
2,e_e000959,2,2,2,1
1,e_e000959,2,2,2,1
3,e_e000959,5,2,5,1
1,e_e000961,3,2,7,3
3,e_e000961,2,2,2,1
2,e_e000961,1,2,4,1
2,e_e000962,2,2,2,1
1,e_e000962,1,1,4,1
1,e_e000966,1,2,5,1
3,e_e000966,6,1,8,1
2,e_e000966,3,2,8,1
4,e_e000966,5,2,6,1
1,e_e000967,3,1,7,3
3,e_e000967,5,1,3,3
2,e_e000967,5,2,4,1
2,e_e000973,7,1,6,1
1,e_e000973,1,2,6,1
3,e_e000973,7,2,6,1
1,e_e000984,1,1,4,1
1,e_e000987,7,1,3,1
1,e_e000992,2,1,2,1
1,e_e000993,8,1,3,3
2,e_e000994,7,1,3,1
1,e_e000994,7,2,3,1
1,e_e000995,2,1,1,1
1,e_e000997,1,1,5,1
2,e_e000997,2,1,2,1
1,e_e000998,1,1,5,1
2,e_e000998,2,2,1,1
1,e_e000999,2,2,5,1
3,e_e000999,11,1,2,2
2,e_e000999,2,1,5,1
1,e_e001001,8,2,4,1
1,e_e001009,5,2,4,1
1,e_e001012,7,2,3,1
1,e_e001014,8,1,3,1
1,e_e001022,3,2,6,1
2,e_e001023,7,2,3,1
1,e_e001023,7,2,3,1
1,e_e001024,8,1,3,3
1,e_e001025,1,1,4,1
1,e_e001026,1,2,4,1
1,e_e001029,1,1,5,1
2,e_e001029,2,2,1,1
4,e_e001030,5,2,6,3
1,e_e001030,1,1,5,1
3,e_e001030,3,2,8,1
5,e_e001030,5,1,7,3
2,e_e001030,2,1,2,1
1,e_e001031,8,1,3,1
1,e_e001040,8,2,4,1
1,e_e001041,1,1,6,1
3,e_e001041,2,2,2,1
2,e_e001041,2,1,2,1
1,e_e001049,1,1,5,1
2,e_e001057,2,1,4,1
1,e_e001057,1,1,7,1
3,e_e001057,2,2,4,1
1,e_e001059,1,1,4,1
2,e_e001060,2,2,1,1
1,e_e001060,1,1,4,1
3,e_e001060,2,2,1,1
1,e_e001063,1,2,4,1
2,e_e001068,9,2,4,3
4,e_e001068,9,1,3,3
1,e_e001068,9,1,5,3
3,e_e001068,9,1,3,3
1,e_e001069,8,2,4,1
1,e_e001070,8,1,3,1
1,e_e001079,8,1,4,1
1,e_e001081,1,2,4,1
1,e_e001084,8,2,6,1
3,e_e001084,5,2,6,3
5,e_e001084,6,2,3,3
7,e_e001084,6,2,3,3
2,e_e001084,3,2,8,3
4,e_e001084,5,2,6,3
6,e_e001084,6,2,3,3
8,e_e001084,6,1,3,3
1,e_e001093,7,2,4,3
1,e_e001097,2,2,2,1
1,e_e001098,7,2,4,1
2,e_e001103,7,2,4,1
1,e_e001103,7,2,4,1
1,e_e001104,8,1,3,1
1,e_e001110,1,1,6,1
3,e_e001110,3,2,8,1
5,e_e001110,6,2,4,1
7,e_e001110,2,2,2,1
9,e_e001110,6,1,2,1
2,e_e001110,3,1,8,1
4,e_e001110,6,1,5,1
6,e_e001110,2,2,3,1
8,e_e001110,2,1,2,1
10,e_e001110,6,2,1,1
1,e_e001114,8,1,3,1
1,e_e001117,8,1,3,1
2,e_e001118,2,1,2,1
1,e_e001118,1,2,5,1
1,e_e001124,7,2,4,1
1,e_e001125,1,2,4,1
1,e_e001126,2,1,1,1
1,e_e001127,1,1,5,1
2,e_e001127,2,1,1,1
1,e_e001130,1,1,4,1
3,e_e001130,2,1,1,1
2,e_e001130,2,2,1,1
1,e_e001131,8,1,4,1
1,e_e001132,8,2,3,1
1,e_e001134,3,1,6,1
2,e_e001134,3,2,6,1
1,e_e001137,7,2,3,3
1,e_e001142,7,2,4,1
1,e_e001147,8,1,3,1
2,e_e001149,7,1,3,3
1,e_e001149,7,2,3,1
3,e_e001149,7,1,3,1
1,e_e001150,1,1,5,1
2,e_e001150,2,2,2,1
1,e_e001159,1,1,4,1
1,e_e001164,7,2,5,3
1,e_e001166,2,2,2,1
1,e_e001171,7,1,4,1
1,e_e001173,1,2,4,1
1,e_e001174,8,1,4,3
1,e_e001176,1,1,4,1
2,e_e001176,7,2,4,1
1,e_e001178,7,2,5,3
1,e_e001180,1,2,4,1
1,e_e001182,1,1,5,1
3,e_e001182,2,1,1,1
2,e_e001182,2,1,2,1
2,e_e001183,2,2,2,1
1,e_e001183,1,1,5,1
3,e_e001183,2,2,2,1
2,e_e001188,2,1,1,1
1,e_e001188,1,2,4,1
1,e_e001190,8,1,4,1
1,e_e001194,1,1,4,1
2,e_e001194,2,1,1,1
1,e_e001200,8,1,4,1
1,e_e001201,8,2,5,1
2,e_e001212,2,2,1,1
1,e_e001212,2,2,2,2
3,e_e001212,2,2,1,1
1,e_e001215,1,2,4,1
2,e_e001215,2,1,1,1
1,e_e001218,1,2,5,1
3,e_e001218,2,1,1,1
2,e_e001218,2,1,2,1
1,e_e001230,1,1,5,1
2,e_e001230,10,1,5,3
1,e_e001233,1,1,4,1
3,e_e001233,3,2,6,1
2,e_e001233,3,1,6,1
2,e_e001238,3,2,6,1
1,e_e001238,1,2,4,1
2,e_e001243,2,2,2,1
1,e_e001243,1,1,5,1
3,e_e001243,2,1,2,1
1,e_e001244,1,1,6,1
1,e_e001246,8,2,3,1
2,e_e001251,2,1,2,1
1,e_e001251,1,1,5,1
3,e_e001251,2,1,2,1
1,e_e001252,10,2,6,1
3,e_e001252,10,2,6,1
5,e_e001252,10,2,6,1
2,e_e001252,10,2,6,1
4,e_e001252,10,2,6,1
6,e_e001252,10,2,6,3
1,e_e001257,1,1,6,1
2,e_e001261,2,2,2,1
4,e_e001261,7,1,5,3
6,e_e001261,11,2,2,3
1,e_e001261,1,1,5,1
3,e_e001261,2,1,1,1
5,e_e001261,7,2,5,3
7,e_e001261,11,1,1,3
1,e_e001262,8,1,4,1
1,e_e001264,8,1,3,1
1,e_e001265,1,1,5,1
3,e_e001265,2,2,1,1
2,e_e001265,2,2,1,1
1,e_e001267,1,2,5,1
1,e_e001271,1,1,5,1
3,e_e001271,2,2,1,1
2,e_e001271,2,1,1,1
1,e_e001276,7,2,4,3
1,e_e001280,8,2,3,3
1,e_e001281,1,1,4,1
2,e_e001287,2,1,2,1
1,e_e001287,1,2,4,1
3,e_e001287,2,2,2,1
1,e_e001291,1,2,4,1
2,e_e001291,2,1,1,1
1,e_e001295,9,2,6,3
1,e_e001296,1,2,5,1
3,e_e001296,2,2,2,1
2,e_e001296,2,2,2,1
1,e_e001301,8,1,3,1
2,e_e001308,2,2,1,1
1,e_e001308,1,1,4,1
1,e_e001312,1,1,5,1
3,e_e001312,2,2,2,1
2,e_e001312,2,2,2,1
4,e_e001312,2,2,2,1
1,e_e001314,7,1,5,1
2,e_e001314,7,1,5,3
1,e_e001316,1,1,6,1
3,e_e001316,3,1,8,1
2,e_e001316,2,2,3,1
4,e_e001316,3,2,8,1
1,e_e001325,9,2,4,1
1,e_e001326,8,2,4,3
1,e_e001329,8,2,4,1
3,e_e001330,2,2,1,1
2,e_e001330,2,2,1,1
1,e_e001330,1,1,5,1
2,e_e001331,2,1,2,1
1,e_e001331,1,1,6,1
1,e_e001341,3,2,6,3
1,e_e001344,1,2,4,1
1,e_e001346,8,2,4,1
1,e_e001351,8,2,4,1
1,e_e001356,7,2,4,1
1,e_e001360,10,1,4,1
3,e_e001360,10,1,3,1
2,e_e001360,10,1,4,1
1,e_e001372,1,1,4,1
2,e_e001380,2,1,1,1
1,e_e001380,1,1,5,1
1,e_e001382,1,1,4,1
1,e_e001384,8,1,3,1
2,e_e001392,2,2,1,1
1,e_e001392,1,1,4,1
1,e_e001408,1,1,4,1
1,e_e001409,7,2,3,1
3,e_e001409,7,2,3,1
2,e_e001409,7,2,3,1
4,e_e001409,7,2,3,1
1,e_e001411,7,2,3,1
3,e_e001411,7,2,3,1
2,e_e001411,7,2,3,1
1,e_e001412,1,1,4,1
2,e_e001414,8,2,3,1
1,e_e001414,5,1,3,1
2,e_e001415,3,2,6,1
1,e_e001415,3,1,6,1
3,e_e001415,5,1,3,1
1,e_e001416,1,1,5,1
2,e_e001422,2,1,1,1
1,e_e001422,2,2,2,1
3,e_e001424,2,2,1,1
2,e_e001424,3,2,8,1
4,e_e001424,2,2,2,1
1,e_e001424,1,1,6,1
1,e_e001427,1,1,5,2
2,e_e001427,2,2,1,1
1,e_e001428,8,1,4,1
2,e_e001429,2,1,1,1
1,e_e001429,5,2,4,1
3,e_e001429,2,2,1,1
1,e_e001430,3,2,6,3
1,e_e001432,7,2,3,3
1,e_e001434,2,1,1,1
2,e_e001436,2,1,2,1
1,e_e001436,1,2,5,1
3,e_e001436,2,2,1,1
1,e_e001440,7,1,3,1
1,e_e001448,8,1,4,1
2,e_e001449,2,2,1,1
1,e_e001449,1,1,5,1
1,e_e001452,8,1,4,1
1,e_e001458,2,2,4,1
1,e_e001459,7,2,4,3
1,e_e001468,1,1,5,1
2,e_e001470,7,2,3,1
1,e_e001470,7,2,3,1
1,e_e001480,8,1,3,1
1,e_e001482,7,2,3,3
2,e_e001485,2,2,2,1
1,e_e001485,1,1,5,1
3,e_e001485,2,2,2,1
1,e_e001489,8,1,3,3
1,e_e001499,8,1,4,1
1,e_e001503,7,2,4,1
2,e_e001503,9,1,4,1
1,e_e001510,8,1,4,1
1,e_e001519,8,1,5,1
1,e_e001523,1,2,6,1
2,e_e001525,7,2,5,1
1,e_e001525,7,2,5,1
3,e_e001525,7,2,5,1
1,e_e001526,1,1,5,1
3,e_e001526,2,2,1,1
2,e_e001526,2,2,1,1
2,e_e001529,3,2,6,1
1,e_e001529,3,1,6,1
1,e_e001530,8,2,3,3
1,e_e001534,8,1,4,1
3,e_e001538,7,1,4,1
5,e_e001538,7,2,4,3
2,e_e001538,7,2,4,3
4,e_e001538,7,1,4,3
1,e_e001538,1,1,4,1
2,e_e001542,2,1,1,1
1,e_e001542,1,1,5,3
1,e_e001544,5,2,3,1
1,e_e001553,1,1,4,1
1,e_e001554,7,2,4,3
1,e_e001559,9,1,5,3
1,e_e001563,1,1,4,1
3,e_e001563,2,2,1,1
2,e_e001563,2,1,1,1
1,e_e001564,1,2,5,1
1,e_e001565,7,2,3,3
1,e_e001571,8,1,4,1
1,e_e001576,1,1,5,3
2,e_e001576,2,2,2,1
1,e_e001888,1,2,4,1
3,e_e001888,2,2,1,1
2,e_e001888,2,2,1,1
1,e_e001890,8,2,3,1
1,e_e001891,1,1,4,1
2,e_e001891,2,2,1,1
2,e_e001892,2,2,1,1
1,e_e001892,1,2,4,1
1,e_e001899,8,1,4,1
2,e_e001900,2,2,4,1
1,e_e001900,7,2,7,1
2,e_e001905,2,2,1,1
1,e_e001905,1,1,4,1
2,e_e001911,2,1,2,1
1,e_e001911,1,1,5,1
3,e_e001911,2,2,2,1
1,e_e001913,8,1,3,1
1,e_e001914,8,1,4,1
1,e_e001916,1,1,5,1
2,e_e001916,2,1,1,1
1,e_e001926,7,2,3,1
1,e_e001935,8,2,3,1
1,e_e001936,8,1,4,1
2,e_e001937,7,2,4,1
1,e_e001937,2,1,1,1
1,e_e001940,8,1,4,3
1,e_e001944,5,2,6,3
1,e_e001949,8,1,3,1
2,e_e001950,3,2,6,1
1,e_e001950,3,1,6,1
2,e_e001955,2,2,1,1
1,e_e001955,1,1,5,1
3,e_e001955,2,2,1,1
1,e_e001972,8,2,3,1
1,e_e001976,7,1,4,1
1,e_e001982,10,2,4,1
2,e_e001982,10,2,5,1
2,e_e001987,10,2,4,1
4,e_e001987,10,1,3,2
1,e_e001987,10,2,4,1
3,e_e001987,10,1,4,1
1,e_e001989,8,1,3,3
1,e_e001996,9,1,4,1
3,e_e001996,9,2,4,1
2,e_e001996,9,1,5,1
4,e_e001996,9,2,5,1
19,e_e001997,9,1,3,2
4,e_e001997,7,2,3,2
6,e_e001997,9,2,3,2
8,e_e001997,9,2,3,2
10,e_e001997,9,2,3,2
12,e_e001997,9,2,3,2
14,e_e001997,9,2,3,2
16,e_e001997,9,2,3,2
1,e_e001997,7,2,3,2
18,e_e001997,9,2,3,2
3,e_e001997,7,2,3,2
20,e_e001997,9,1,7,2
5,e_e001997,7,2,3,2
7,e_e001997,9,2,3,2
9,e_e001997,9,2,3,2
11,e_e001997,9,2,3,2
13,e_e001997,9,2,3,2
15,e_e001997,9,2,3,2
17,e_e001997,9,2,3,2
2,e_e001997,7,2,3,2
1,e_e002014,7,2,4,1
1,e_e002018,1,1,4,1
2,e_e002025,2,2,3,3
1,e_e002025,1,2,6,1
1,e_e002035,3,1,8,1
2,e_e002035,3,2,8,1
2,e_e002036,2,1,2,1
1,e_e002036,1,1,5,1
1,e_e002045,8,1,4,1
1,e_e002049,8,2,3,1
2,e_e002058,7,2,7,1
4,e_e002058,7,2,7,1
1,e_e002058,7,2,7,1
3,e_e002058,7,2,7,1
5,e_e002058,7,2,7,1
1,e_e002059,1,2,5,1
3,e_e002059,2,2,2,1
2,e_e002059,2,1,2,1
1,e_e002064,8,2,3,3
1,e_e002066,8,1,3,1
1,e_e002069,8,1,4,3
2,e_e002077,2,2,3,1
1,e_e002077,2,2,3,1
3,e_e002077,3,2,8,1
1,e_e002079,8,2,4,1
1,e_e002081,1,1,4,1
1,e_e002082,8,1,3,1
1,e_e002084,8,1,3,1
1,e_e002089,7,2,4,1
2,e_e002089,7,2,4,1
1,e_e002092,7,2,3,3
1,e_e002097,7,2,3,1
1,e_e002099,8,1,3,1
1,e_e002106,3,2,7,1
1,e_e002108,1,2,4,1
1,e_e002110,1,1,4,1
2,e_e002126,7,1,4,3
1,e_e002126,7,1,4,3
1,e_e002130,8,2,3,1
2,e_e002131,2,2,2,1
4,e_e002131,6,1,6,3
6,e_e002131,6,2,3,3
1,e_e002131,1,1,4,1
3,e_e002131,3,2,7,1
5,e_e002131,6,2,6,3
7,e_e002131,6,2,3,3
1,e_e002132,8,1,4,1
2,e_e002135,2,1,1,1
1,e_e002135,1,1,5,1
3,e_e002135,2,1,1,1
1,e_e002136,1,1,4,1
1,e_e002141,1,2,5,1
2,e_e002141,2,1,1,1
1,e_e002145,7,2,3,1
2,e_e002145,7,2,3,1
2,e_e002148,2,1,2,1
1,e_e002148,1,1,5,1
3,e_e002148,2,1,1,1
1,e_e002152,7,1,3,1
1,e_e002154,7,2,3,3
1,e_e002157,9,2,4,1
1,e_e002158,8,1,3,1
1,e_e002160,1,1,4,1
1,e_e002163,2,2,3,1
3,e_e002163,3,2,8,3
2,e_e002163,3,1,8,3
2,e_e002168,2,2,1,1
1,e_e002168,1,1,4,1
1,e_e002169,8,1,4,1
1,e_e002171,1,1,4,1
1,e_e002182,1,1,4,1
3,e_e002182,2,1,1,1
2,e_e002182,2,2,1,1
4,e_e002182,2,2,1,1
1,e_e002183,8,1,4,3
1,e_e002184,5,1,3,1
1,e_e002186,8,1,5,1
1,e_e002189,3,2,8,1
1,e_e002197,8,1,4,1
1,e_e002198,8,1,4,1
1,e_e002202,1,2,3,1
2,e_e002204,7,2,3,1
1,e_e002204,7,2,3,1
3,e_e002204,7,2,3,1
1,e_e002209,1,1,4,1
1,e_e002214,7,2,3,1
1,e_e002215,1,1,6,1
2,e_e002215,2,2,2,1
2,e_e002220,2,2,1,1
1,e_e002220,1,1,5,1
2,e_e002222,2,1,2,1
1,e_e002222,1,2,4,1
3,e_e002222,2,2,1,1
1,e_e002233,1,1,4,1
1,e_e002234,1,1,4,1
2,e_e002234,2,2,1,1
1,e_e002235,1,2,4,1
1,e_e002236,8,1,3,1
1,e_e002246,1,2,4,1
3,e_e002246,2,1,1,1
2,e_e002246,2,2,1,1
1,e_e002250,8,1,3,1
1,e_e002251,1,1,5,1
1,e_e002253,1,1,5,1
3,e_e002253,2,2,1,1
2,e_e002253,2,1,2,1
1,e_e002254,8,1,4,1
1,e_e002255,1,1,5,1
2,e_e002255,2,1,2,1
1,e_e002259,7,2,4,3
1,e_e002263,2,2,4,1
1,e_e002264,1,1,5,1
2,e_e002264,2,1,1,1
1,e_e002266,1,1,4,1
5,e_e002272,5,2,3,3
2,e_e002272,3,1,7,3
4,e_e002272,5,1,4,3
1,e_e002272,8,1,4,1
3,e_e002272,3,2,6,3
1,e_e002279,1,1,4,1
1,e_e002284,8,2,3,1
1,e_e002288,8,1,4,1
1,e_e002289,3,2,6,1
1,e_e002291,7,2,3,3
2,e_e002304,3,1,7,2
4,e_e002304,11,2,1,1
1,e_e002304,3,2,7,1
3,e_e002304,5,2,4,1
5,e_e002304,11,2,1,1
1,e_e002306,7,2,4,1
2,e_e002306,7,2,4,1
1,e_e002308,8,1,4,1
2,e_e002310,2,2,4,1
1,e_e002310,1,1,6,1
3,e_e002310,2,2,3,1
1,e_e002314,1,2,4,1
1,e_e002316,4,2,7,1
1,e_e002318,8,1,4,1
1,e_e002323,5,2,3,1
2,e_e002330,5,2,3,1
1,e_e002330,5,2,4,1
3,e_e002330,7,2,3,1
1,e_e002332,1,1,4,1
2,e_e002332,2,2,1,1
1,e_e002340,8,1,3,1
1,e_e002342,1,1,5,1
2,e_e002342,2,1,1,1
1,e_e002351,8,2,3,1
1,e_e002364,8,2,4,1
1,e_e002375,2,2,4,1
1,e_e002389,1,1,7,1
1,e_e002394,7,2,4,1
3,e_e002394,7,2,4,3
5,e_e002394,7,2,4,3
7,e_e002394,7,2,4,3
2,e_e002394,7,2,4,1
4,e_e002394,7,2,4,3
6,e_e002394,7,2,4,3
2,e_e002396,2,1,2,1
1,e_e002396,1,2,5,1
3,e_e002396,2,2,2,1
1,e_e002399,1,1,7,1
3,e_e002399,2,1,3,1
2,e_e002399,2,2,4,1
1,e_e002401,1,1,7,1
1,e_e002402,2,1,1,1
2,e_e002405,9,2,4,1
1,e_e002405,9,2,6,1
3,e_e002405,9,2,4,1
1,e_e002409,7,2,5,1
3,e_e002409,7,2,4,1
2,e_e002409,7,2,4,1
2,e_e002410,2,1,1,1
4,e_e002410,3,2,7,3
6,e_e002410,6,2,2,3
1,e_e002410,1,1,5,1
3,e_e002410,5,2,4,3
5,e_e002410,6,1,2,3
1,e_e002411,1,2,4,1
1,e_e002415,8,2,3,1
1,e_e002423,8,2,3,1
1,e_e002425,8,1,4,1
1,e_e002433,8,2,4,1
2,e_e002437,2,2,1,1
1,e_e002437,1,2,4,1
3,e_e002437,2,2,1,1
2,e_e002462,2,1,1,1
1,e_e002462,1,2,4,1
1,e_e002467,8,1,3,1
1,e_e002470,8,1,3,1
2,e_e002471,2,1,1,1
1,e_e002471,1,1,4,1
1,e_e002476,1,2,5,1
1,e_e002477,1,1,5,1
1,e_e002479,7,2,3,1
3,e_e002479,7,2,3,1
2,e_e002479,7,2,3,1
1,e_e002481,1,2,4,1
1,e_e002483,5,2,4,1
1,e_e002491,8,2,3,1
9,e_e002495,10,1,3,1
11,e_e002495,10,1,3,1
13,e_e002495,10,1,3,1
2,e_e002495,10,1,3,1
15,e_e002495,10,2,3,1
4,e_e002495,10,1,3,1
17,e_e002495,10,2,3,1
6,e_e002495,10,1,3,1
8,e_e002495,10,1,3,1
10,e_e002495,10,1,3,1
12,e_e002495,10,1,3,1
1,e_e002495,10,1,3,1
14,e_e002495,10,2,3,1
3,e_e002495,10,1,3,1
16,e_e002495,10,2,3,1
5,e_e002495,10,1,3,1
18,e_e002495,10,2,3,1
7,e_e002495,10,1,3,1
1,e_e002506,1,2,4,1
2,e_e002507,3,2,7,1
1,e_e002507,3,1,7,1
3,e_e002507,5,2,4,1
1,e_e002511,8,1,4,1
1,e_e002514,7,2,3,1
3,e_e002514,7,2,3,1
5,e_e002514,7,2,3,1
2,e_e002514,7,2,3,1
4,e_e002514,7,2,3,1
1,e_e002541,1,1,4,1
1,e_e002548,8,1,4,3
1,e_e002551,8,1,3,1
1,e_e002555,1,1,4,1
1,e_e002556,8,2,4,1
1,e_e002557,1,2,6,1
2,e_e002558,7,1,4,3
4,e_e002558,7,2,3,3
1,e_e002558,7,1,4,3
3,e_e002558,7,1,4,3
1,e_e002565,1,1,4,1
1,e_e002569,7,2,3,1
2,e_e002570,2,2,1,1
1,e_e002570,1,2,5,1
3,e_e002570,2,1,1,1
1,e_e002574,7,2,3,1
2,e_e002576,2,2,1,1
1,e_e002576,2,2,5,1
3,e_e002576,2,1,1,1
1,e_e002577,8,1,4,1
1,e_e002582,3,2,6,1
1,e_e002583,7,1,4,1
1,e_e002584,1,2,4,1
3,e_e002584,2,1,1,1
2,e_e002584,2,1,1,1
1,e_e002589,2,2,3,1
1,e_e002590,2,1,1,1
3,e_e002593,11,1,5,3
2,e_e002593,7,2,5,3
1,e_e002593,1,1,6,1
2,e_e002597,2,1,1,1
1,e_e002597,1,1,4,1
3,e_e002597,2,2,1,1
1,e_e002599,1,1,4,1
1,e_e002600,1,1,4,1
1,e_e002605,1,1,5,1
1,e_e002607,1,1,4,1
1,e_e002610,1,2,4,1
3,e_e002610,2,1,1,1
2,e_e002610,2,1,1,1
1,e_e002622,3,1,7,1
3,e_e002622,5,1,3,1
2,e_e002622,3,2,6,1
1,e_e002625,8,1,4,1
1,e_e002627,1,2,4,1
3,e_e002627,2,2,1,1
2,e_e002627,2,1,2,1
2,e_e002633,7,1,4,3
4,e_e002633,7,1,1,3
1,e_e002633,1,1,4,1
3,e_e002633,7,2,4,3
5,e_e002633,7,1,1,3
1,e_e002635,1,1,5,1
3,e_e002635,2,2,1,1
2,e_e002635,2,2,1,1
1,e_e002638,1,1,4,1
1,e_e002641,5,2,3,3
1,e_e002650,1,2,6,1
3,e_e002650,2,2,3,1
2,e_e002650,2,2,4,1
1,e_e002662,8,1,3,1
2,e_e002673,2,1,1,1
1,e_e002673,1,2,4,1
1,e_e002677,1,1,4,1
2,e_e002683,7,2,3,1
1,e_e002683,7,2,3,1
2,e_e002684,2,2,3,1
1,e_e002684,1,1,6,1
3,e_e002684,2,2,3,1
2,e_e002697,2,1,1,1
1,e_e002697,1,1,4,1
1,e_e002699,1,2,4,1
1,e_e002705,3,2,7,1
3,e_e002719,2,1,1,1
2,e_e002719,2,2,1,1
1,e_e002719,1,1,4,1
2,e_e002721,7,2,6,1
1,e_e002721,7,2,6,1
1,e_e002728,1,1,4,1
1,e_e002737,1,2,5,1
2,e_e002737,7,2,5,3
1,e_e002739,3,2,6,1
2,e_e002739,5,2,3,1
1,e_e002740,1,1,5,1
3,e_e002740,2,2,1,1
2,e_e002740,2,1,1,1
1,e_e002742,1,1,4,1
1,e_e002745,7,2,3,1
3,e_e002745,7,2,3,1
2,e_e002745,7,2,3,1
1,e_e002747,7,2,4,3
1,e_e002753,8,1,4,1
1,e_e002754,8,2,3,1
1,e_e002756,8,1,4,1
1,e_e002760,2,2,1,1
1,e_e002763,8,1,3,1
1,e_e002764,1,1,5,1
9,e_e002767,10,2,6,2
11,e_e002767,10,2,6,2
2,e_e002767,3,2,6,1
4,e_e002767,10,1,6,1
6,e_e002767,10,1,6,2
8,e_e002767,10,2,6,1
10,e_e002767,10,2,6,2
12,e_e002767,7,2,3,1
1,e_e002767,3,1,6,1
3,e_e002767,2,2,3,1
5,e_e002767,10,1,6,2
7,e_e002767,10,1,4,1
1,e_e002770,1,1,4,1
1,e_e002773,3,2,8,1
1,e_e002775,1,1,5,1
2,e_e002775,2,2,1,1
1,e_e002782,1,1,4,1
3,e_e002782,2,2,1,1
2,e_e002782,2,2,1,1
3,e_e002786,2,2,1,1
2,e_e002786,2,2,1,1
1,e_e002786,1,1,4,1
2,e_e002800,2,1,1,1
1,e_e002800,1,1,5,1
3,e_e002800,3,2,7,1
1,e_e002812,8,2,4,1
1,e_e002915,8,1,4,1
1,e_e002922,8,2,3,3
4,e_e002923,7,2,4,3
1,e_e002923,2,2,2,1
3,e_e002923,7,1,5,3
5,e_e002923,7,2,1,3
2,e_e002923,1,1,5,1
1,e_e002925,1,2,6,1
3,e_e002925,2,2,4,1
2,e_e002925,2,1,4,1
4,e_e002925,2,1,3,1
1,e_e002931,1,2,5,1
3,e_e002931,7,2,5,1
2,e_e002931,7,1,5,1
1,e_e002932,2,2,4,1
1,e_e002935,1,1,4,1
3,e_e002935,7,2,4,2
5,e_e002935,11,1,1,2
2,e_e002935,2,1,1,1
4,e_e002935,7,1,4,2
1,e_e002937,1,1,4,1
1,e_e002938,5,2,4,1
1,e_e002940,7,1,3,2
3,e_e002940,7,1,3,3
5,e_e002940,7,1,3,1
7,e_e002940,7,2,3,1
9,e_e002940,7,2,3,1
2,e_e002940,7,1,3,3
4,e_e002940,7,1,3,1
6,e_e002940,7,2,3,1
8,e_e002940,7,2,3,1
1,e_e002949,1,1,5,1
1,e_e002957,1,2,5,1
2,e_e002957,2,2,2,1
1,e_e002958,7,2,3,1
2,e_e002958,7,2,3,1
1,e_e002965,1,2,4,1
1,e_e002973,3,1,6,3
3,e_e002973,4,2,8,3
2,e_e002973,3,2,6,3
4,e_e002973,5,2,3,3
1,e_e002980,3,1,7,1
2,e_e002980,3,2,7,1
1,e_e002981,2,2,4,1
1,e_e002984,8,1,3,1
1,e_e002985,7,1,3,1
2,e_e002985,7,2,4,3
1,e_e002986,8,1,4,1
1,e_e002987,3,2,7,1
1,e_e002991,1,1,4,2
3,e_e002991,6,2,3,3
2,e_e002991,3,2,6,3
1,e_e003001,3,2,6,1
1,e_e003002,2,2,1,1
1,e_e003003,1,2,6,1
1,e_e003004,7,2,4,1
1,e_e003006,1,2,4,1
1,e_e003017,7,2,4,1
1,e_e003020,8,1,3,1
2,e_e003022,2,2,1,1
1,e_e003022,1,1,5,1
2,e_e003023,2,1,2,1
1,e_e003023,1,1,5,1
3,e_e003023,2,2,1,1
1,e_e003025,3,2,8,1
1,e_e003033,8,2,4,3
1,e_e003034,5,1,4,2
1,e_e003040,2,2,1,1
1,e_e003051,7,1,8,1
1,e_e003056,7,2,3,3
1,e_e003062,8,2,3,1
1,e_e003065,1,1,4,1
2,e_e003065,2,1,1,1
1,e_e003068,8,2,3,1
1,e_e003071,8,1,3,1
6,e_e003073,10,2,3,3
1,e_e003073,5,2,4,1
3,e_e003073,10,2,3,1
5,e_e003073,7,2,3,3
7,e_e003073,10,2,3,3
2,e_e003073,7,2,3,1
4,e_e003073,7,2,3,3
1,e_e003079,1,1,4,1
1,e_e003083,1,1,5,1
1,e_e003095,1,2,4,1
3,e_e003095,2,1,1,1
2,e_e003095,2,2,2,1
1,e_e003097,8,2,3,1
1,e_e003102,8,2,4,3
2,e_e003103,2,1,1,1
3,e_e003103,11,2,4,3
1,e_e003103,2,1,1,1
2,e_e003107,7,2,5,1
1,e_e003107,2,2,2,1
3,e_e003107,11,1,2,1
1,e_e003109,7,2,4,1
3,e_e003109,7,2,4,1
2,e_e003109,7,2,4,1
2,e_e003115,3,2,7,1
1,e_e003115,1,1,4,1
3,e_e003115,2,1,1,1
1,e_e003120,1,1,4,1
1,e_e003126,7,2,3,1
2,e_e003126,7,2,3,1
1,e_e003137,7,2,3,1
2,e_e003138,7,2,4,1
1,e_e003138,7,2,4,1
1,e_e003150,1,1,4,1
1,e_e003158,7,2,3,1
2,e_e003159,7,1,4,1
4,e_e003159,7,1,4,1
1,e_e003159,7,1,4,1
3,e_e003159,7,1,4,1
2,e_e003175,2,2,2,1
1,e_e003175,1,1,5,1
3,e_e003175,2,2,2,1
1,e_e003180,1,2,4,1
1,e_e003184,8,1,4,1
1,e_e003190,8,1,3,1
1,e_e003194,6,2,7,3
3,e_e003194,6,2,5,3
2,e_e003194,6,1,5,3
1,e_e003196,8,1,3,1
1,e_e003198,7,1,3,1
2,e_e003198,7,1,3,1
2,e_e003199,7,2,3,1
1,e_e003199,7,2,3,1
1,e_e003202,8,1,3,1
1,e_e003204,8,1,3,1
1,e_e003210,8,1,3,1
1,e_e003222,7,2,3,1
2,e_e003223,7,2,3,2
1,e_e003223,7,2,3,1
3,e_e003223,7,2,3,2
1,e_e003227,2,2,1,1
3,e_e003227,6,1,2,1
5,e_e003227,6,2,1,1
2,e_e003227,6,2,4,1
4,e_e003227,6,1,1,1
1,e_e003231,8,1,4,1
2,e_e003235,7,2,5,1
4,e_e003235,11,2,2,1
1,e_e003235,2,1,2,1
3,e_e003235,11,1,2,1
1,e_e003237,1,1,5,1
1,e_e003241,1,1,4,1
1,e_e003245,8,1,3,1
1,e_e003267,7,2,4,1
5,e_e003269,9,2,5,3
7,e_e003269,9,1,6,3
2,e_e003269,2,1,1,1
4,e_e003269,9,2,4,3
6,e_e003269,9,1,5,3
8,e_e003269,11,1,1,3
1,e_e003269,1,1,4,1
3,e_e003269,2,1,1,1
1,e_e003271,10,1,4,2
2,e_e003272,2,2,1,1
4,e_e003272,11,2,5,1
1,e_e003272,1,2,4,1
3,e_e003272,11,1,4,1
5,e_e003272,11,2,1,1
1,e_e003275,2,2,3,1
2,e_e003275,7,2,6,3
1,e_e003276,2,2,6,1
1,e_e003278,1,1,5,1
2,e_e003278,2,2,2,1
1,e_e003279,8,2,3,1
1,e_e003280,8,1,3,1
1,e_e003282,8,1,3,1
1,e_e003283,8,2,4,1
1,e_e003285,8,1,3,1
1,e_e003288,8,1,3,1
1,e_e003289,8,2,3,1
1,e_e003291,8,1,4,1
5,e_e003293,7,1,4,3
2,e_e003293,7,1,4,1
4,e_e003293,7,1,4,3
6,e_e003293,7,1,4,3
1,e_e003293,8,2,4,1
3,e_e003293,7,1,4,3
1,e_e003296,1,1,4,1
2,e_e003298,2,1,2,1
1,e_e003298,1,1,4,1
3,e_e003298,2,1,1,1
1,e_e003300,7,2,3,3
1,e_e003303,8,1,4,1
2,e_e003307,7,2,5,1
1,e_e003307,7,2,5,1
2,e_e003308,2,1,1,1
1,e_e003308,1,1,4,1
3,e_e003308,3,2,7,1
1,e_e003311,6,1,2,1
1,e_e003314,8,1,4,1
2,e_e003324,2,1,2,1
1,e_e003324,1,1,5,1
3,e_e003324,2,2,1,1
1,e_e003326,7,2,3,3
3,e_e003326,7,2,3,3
2,e_e003326,7,2,3,3
2,e_e003329,2,2,1,1
4,e_e003329,5,1,4,1
6,e_e003329,6,2,1,1
1,e_e003329,1,2,4,1
3,e_e003329,2,1,1,1
5,e_e003329,6,2,4,1
1,e_e003330,3,2,6,1
2,e_e003331,2,2,2,1
4,e_e003331,2,2,3,1
1,e_e003331,1,1,6,1
3,e_e003331,2,2,3,1
1,e_e003332,8,1,5,1
1,e_e003335,8,1,3,1
1,e_e003336,8,1,3,1
1,e_e003337,5,2,5,1
2,e_e003337,6,1,2,1
1,e_e003341,8,1,3,1
1,e_e003342,8,1,3,1
1,e_e003348,8,2,3,1
1,e_e003349,7,2,3,3
1,e_e003356,7,2,4,1
1,e_e003357,8,2,3,1
1,e_e003360,7,2,3,3
3,e_e003360,7,2,3,3
2,e_e003360,7,2,3,3
1,e_e003369,2,1,1,1
1,e_e003371,8,2,3,1
1,e_e003380,8,1,4,1
1,e_e003381,8,1,4,1
1,e_e003383,5,2,3,1
1,e_e003386,8,1,3,1
1,e_e003388,8,2,3,1
2,e_e003394,2,2,1,1
1,e_e003394,1,1,4,1
1,e_e003400,8,1,3,1
1,e_e003402,8,1,3,1
1,e_e003407,1,2,4,1
1,e_e003408,7,1,3,1
2,e_e003408,7,1,3,1
1,e_e003409,7,1,4,2
2,e_e003411,2,1,1,1
1,e_e003411,1,1,4,1
1,e_e003412,7,1,8,1
1,e_e003415,1,2,4,1
1,e_e003419,8,1,3,1
1,e_e003431,7,2,3,1
1,e_e003433,7,2,4,1
2,e_e003433,7,2,4,1
1,e_e003434,1,1,5,1
3,e_e003434,2,2,1,1
2,e_e003434,2,2,1,1
1,e_e003435,8,1,4,3
1,e_e003438,7,1,3,1
1,e_e003439,7,2,4,3
2,e_e003440,2,1,3,1
1,e_e003440,1,1,6,1
1,e_e003442,1,1,6,1
1,e_e003449,10,2,7,1
1,e_e003463,8,1,4,1
1,e_e003465,7,2,3,3
1,e_e003467,2,2,5,1
1,e_e003468,8,1,4,1
1,e_e003469,8,1,4,1
1,e_e003470,7,2,3,3
1,e_e003471,8,2,3,1
1,e_e003472,8,1,3,1
2,e_e003475,2,2,1,1
1,e_e003475,1,1,4,1
1,e_e003477,7,2,5,3
1,e_e003482,8,2,3,1
1,e_e003483,7,2,3,2
2,e_e003485,2,2,2,1
1,e_e003485,1,1,5,1
3,e_e003485,2,1,1,1
1,e_e003486,3,2,7,1
2,e_e003486,5,2,3,1
1,e_e003497,2,2,2,1
2,e_e003497,2,1,1,1
1,e_e003502,1,1,4,1
2,e_e003502,2,2,1,1
1,e_e003506,10,2,4,1
3,e_e003506,10,2,4,3
2,e_e003506,10,2,4,3
4,e_e003506,10,2,3,3
1,e_e003514,8,1,3,1
1,e_e003520,1,1,4,1
2,e_e003520,2,1,1,1
1,e_e003521,8,1,3,1
2,e_e003530,2,1,1,1
1,e_e003530,1,1,4,1
1,e_e003535,8,2,3,1
1,e_e003540,2,2,1,1
2,e_e003549,2,1,1,1
1,e_e003549,1,1,6,1
2,e_e003555,3,2,6,1
1,e_e003555,3,1,6,1
3,e_e003555,5,2,3,1
1,e_e003561,8,1,3,1
2,e_e003564,2,1,1,1
1,e_e003564,1,1,5,1
3,e_e003564,2,1,1,1
2,e_e003569,2,2,1,1
1,e_e003569,3,2,7,1
1,e_e003572,8,2,3,1
1,e_e003576,8,1,3,1
2,e_e003580,9,2,4,1
1,e_e003580,9,2,4,1
2,e_e003582,2,2,1,1
1,e_e003582,1,1,4,1
3,e_e003582,2,2,1,1
2,e_e003589,11,2,3,1
4,e_e003589,11,1,3,1
1,e_e003589,8,2,3,1
3,e_e003589,11,2,3,1
5,e_e003589,7,2,3,1
1,e_e003591,8,1,3,3
1,e_e003593,1,1,3,1
1,e_e003596,7,2,4,1
2,e_e003596,7,2,3,1
1,e_e003602,3,2,7,1
1,e_e003603,3,1,7,1
3,e_e003603,5,2,3,1
2,e_e003603,3,2,6,1
1,e_e003609,7,1,3,3
1,e_e003615,8,1,4,1
1,e_e003617,1,1,4,1
1,e_e003618,5,2,4,3
1,e_e003620,7,2,5,1
2,e_e003627,2,2,1,1
1,e_e003627,1,2,4,1
1,e_e003628,7,2,3,1
1,e_e003630,7,1,3,1
1,e_e003632,8,2,3,1
1,e_e003638,8,1,4,1
1,e_e003640,8,1,3,1
1,e_e003646,8,1,3,1
2,e_e003663,2,2,4,1
1,e_e003663,1,1,7,1
1,e_e003664,7,1,3,1
1,e_e003673,8,2,3,1
1,e_e003675,5,2,4,1
1,e_e003677,1,2,7,1
1,e_e003678,2,2,4,3
2,e_e003679,3,2,7,3
1,e_e003679,3,1,7,3
1,e_e003682,7,2,3,3
1,e_e003684,3,2,7,1
1,e_e003693,8,1,4,1
1,e_e003699,7,2,3,1
1,e_e003701,7,2,3,3
1,e_e003702,8,2,4,1
1,e_e003707,3,2,6,1
1,e_e003716,8,1,3,1
2,e_e003717,7,1,5,3
1,e_e003717,7,2,4,3
3,e_e003717,7,1,1,3
2,e_e003721,7,2,3,3
4,e_e003721,7,1,3,3
1,e_e003721,8,1,3,1
3,e_e003721,7,1,3,3
5,e_e003721,7,2,3,3
1,e_e003724,8,1,4,1
2,e_e003726,2,1,2,1
1,e_e003726,1,1,5,1
3,e_e003726,2,2,2,1
1,e_e003737,7,1,3,1
1,e_e003741,8,1,4,1
1,e_e003749,1,2,4,1
2,e_e003753,3,2,6,1
1,e_e003753,3,1,7,1
2,e_e003758,7,2,3,3
1,e_e003758,7,2,3,2
1,e_e003761,5,2,3,3
1,e_e003765,7,2,3,1
1,e_e003767,8,2,4,1
1,e_e003773,8,1,4,1
1,e_e003775,7,2,4,3
1,e_e003777,8,1,4,3
1,e_e003779,1,1,4,1
1,e_e003781,8,2,3,3
1,e_e003783,8,1,3,2
1,e_e003791,8,1,4,1
1,e_e003792,1,2,5,1
3,e_e003792,9,2,4,3
5,e_e003792,11,2,2,3
2,e_e003792,2,2,1,1
4,e_e003792,11,1,2,3
1,e_e003795,8,1,3,1
1,e_e003797,7,2,4,1
3,e_e003803,11,1,5,3
5,e_e003803,11,1,4,3
7,e_e003803,11,1,1,3
2,e_e003803,2,2,4,3
4,e_e003803,2,2,4,3
6,e_e003803,11,1,1,3
8,e_e003803,11,2,1,3
1,e_e003803,1,2,7,1
1,e_e003807,8,2,4,1
1,e_e003808,8,2,4,1
1,e_e003809,8,1,4,1
1,e_e003810,1,1,4,1
1,e_e003819,8,1,4,3
1,e_e003821,7,2,4,3
2,e_e003826,2,2,2,1
1,e_e003826,1,2,5,1
3,e_e003826,2,2,1,1
1,e_e003830,1,2,4,1
1,e_e003833,1,1,4,1
1,e_e003842,1,1,6,1
1,e_e003843,7,2,3,3
3,e_e003843,7,2,3,3
2,e_e003843,7,2,3,3
4,e_e003843,7,2,3,3
1,e_e003844,1,1,5,1
3,e_e003844,2,2,1,1
5,e_e003844,3,2,7,3
7,e_e003844,5,2,4,3
2,e_e003844,2,1,1,1
4,e_e003844,3,1,8,3
6,e_e003844,6,1,5,3
1,e_e003845,8,1,3,1
1,e_e003848,7,2,3,1
1,e_e003850,3,2,7,1
2,e_e003853,7,2,3,1
1,e_e003853,7,2,3,1
1,e_e003856,7,2,3,1
2,e_e003857,7,1,3,1
1,e_e003857,7,1,3,1
1,e_e003867,8,2,4,3
1,e_e003868,1,1,5,1
3,e_e003868,2,1,2,3
2,e_e003868,2,1,2,1
1,e_e003870,1,2,6,1
3,e_e003870,11,2,4,1
5,e_e003870,11,1,1,1
2,e_e003870,2,1,4,1
4,e_e003870,2,2,4,1
1,e_e003885,7,2,3,1
1,e_e003886,8,1,4,2
3,e_e003886,11,1,1,2
2,e_e003886,9,2,4,2
1,e_e003887,8,2,4,2
1,e_e003891,1,1,4,1
3,e_e003891,2,2,1,1
2,e_e003891,2,1,1,1
1,e_e003892,8,1,4,3
1,e_e003896,1,1,5,1
2,e_e003896,2,2,1,1
1,e_e003898,1,1,4,1
1,e_e003900,8,1,4,1
1,e_e003906,3,2,5,1
2,e_e003909,2,1,1,1
1,e_e003909,1,2,4,1
1,e_e003915,1,1,3,1
1,e_e003928,3,2,6,1
1,e_e003933,7,2,4,1
1,e_e003935,7,1,3,3
3,e_e003935,7,1,3,3
2,e_e003935,7,1,3,3
2,e_e003937,2,2,2,1
1,e_e003937,1,1,5,1
3,e_e003937,2,1,2,1
1,e_e003945,8,1,3,3
1,e_e003958,7,1,3,1
1,e_e003963,2,2,3,1
1,e_e003968,8,1,3,1
1,e_e003971,2,2,3,1
5,e_e003975,6,2,4,3
7,e_e003975,6,1,3,3
2,e_e003975,3,1,7,3
4,e_e003975,5,1,4,3
6,e_e003975,5,2,3,3
8,e_e003975,6,2,1,3
1,e_e003975,8,1,3,1
3,e_e003975,3,2,6,3
1,e_e003978,9,1,4,1
2,e_e003978,9,2,4,1
1,e_e003980,3,2,6,1
1,e_e003996,8,2,4,1
1,e_e003997,7,2,4,1
2,e_e003998,2,1,2,1
1,e_e003998,1,1,5,1
3,e_e003998,2,1,1,1
1,e_e003999,8,2,3,1
1,e_e004005,8,1,4,1
1,e_e004010,1,2,4,1
1,e_e004013,8,2,4,1
1,e_e004017,8,1,3,1
1,e_e004020,1,1,5,1
2,e_e004020,2,2,1,1
1,e_e004027,7,1,5,1
2,e_e004027,7,1,5,1
1,e_e004048,1,1,7,1
3,e_e004048,2,1,4,1
2,e_e004048,2,1,4,1
2,e_e004050,2,1,2,1
1,e_e004050,1,1,5,1
3,e_e004050,2,2,2,1
1,e_e004051,2,2,4,1
2,e_e004051,2,2,3,1
3,e_e004057,7,1,4,3
2,e_e004057,2,1,1,1
1,e_e004057,1,1,4,1
1,e_e004071,8,1,3,1
1,e_e004072,3,2,6,1
1,e_e004073,7,1,3,1
2,e_e004076,2,2,1,1
4,e_e004076,3,2,7,3
1,e_e004076,1,1,5,1
3,e_e004076,3,1,7,3
1,e_e004084,8,1,3,1
1,e_e004087,2,2,4,1
1,e_e004100,8,2,4,1
1,e_e004101,2,1,2,1
1,e_e004105,8,1,3,1
1,e_e004114,2,2,6,1
1,e_e004122,1,1,5,1
3,e_e004122,2,1,1,1
2,e_e004122,2,1,2,1
1,e_e004132,1,1,6,1
1,e_e004141,7,2,3,1
2,e_e004142,2,1,1,1
1,e_e004142,1,1,5,1
1,e_e004146,8,1,3,1
1,e_e004149,8,1,3,1
1,e_e004154,1,1,4,1
1,e_e004165,3,2,6,1
2,e_e004165,4,2,8,1
1,e_e004168,8,1,4,1
1,e_e004172,7,2,3,2
3,e_e004172,7,2,3,2
2,e_e004172,7,2,3,2
1,e_e004173,8,2,3,1
1,e_e004174,7,2,3,1
1,e_e004187,7,2,3,1
2,e_e004190,7,2,4,1
1,e_e004190,7,2,4,1
2,e_e004195,9,1,6,3
1,e_e004195,9,1,7,3
1,e_e004207,1,1,4,1
2,e_e004207,2,1,1,1
1,e_e004214,9,2,5,3
3,e_e004214,9,2,5,2
2,e_e004214,9,2,5,2
1,e_e004222,1,1,4,1
1,e_e004225,7,1,4,3
3,e_e004225,7,1,4,3
5,e_e004225,7,2,4,3
2,e_e004225,7,1,4,3
4,e_e004225,7,2,4,3
6,e_e004225,7,2,4,3
1,e_e004228,8,2,3,1
2,e_e004230,3,1,7,3
4,e_e004230,5,1,3,3
1,e_e004230,1,1,4,1
3,e_e004230,3,2,7,3
1,e_e004234,10,1,5,1
2,e_e004237,2,2,1,1
1,e_e004237,1,2,4,1
2,e_e004238,2,2,1,1
1,e_e004238,1,1,4,1
1,e_e004240,5,2,3,3
2,e_e004243,7,2,3,3
1,e_e004243,7,2,3,1
1,e_e004245,8,1,4,3
1,e_e004247,7,2,3,1
2,e_e004251,9,2,4,1
4,e_e004251,9,2,3,1
6,e_e004251,9,1,4,1
1,e_e004251,9,1,4,1
3,e_e004251,9,2,4,1
5,e_e004251,9,1,3,1
7,e_e004251,9,2,3,1
1,e_e004254,8,2,3,1
3,e_e004256,2,2,3,1
2,e_e004256,2,2,3,1
1,e_e004256,1,1,6,1
1,e_e004268,8,2,4,3
1,e_e004281,7,2,3,3
1,e_e004291,8,1,3,3
2,e_e004294,2,2,1,1
4,e_e004294,2,1,1,1
1,e_e004294,1,2,4,1
3,e_e004294,2,2,1,1
1,e_e004300,7,1,3,1
1,e_e004304,8,2,4,3
2,e_e004309,2,1,5,1
1,e_e004309,1,1,8,1
1,e_e004310,8,2,4,1
2,e_e004310,11,2,7,1
1,e_e004315,8,2,3,1
1,e_e004317,3,1,7,1
1,e_e004324,1,1,4,1
1,e_e004326,3,2,6,1
2,e_e004326,5,2,3,2
1,e_e004333,1,1,6,1
1,e_e004338,3,2,7,1
1,e_e004340,8,1,4,1
1,e_e004341,8,1,3,1
1,e_e004349,8,1,3,1
1,e_e004354,7,2,4,1
1,e_e004357,8,2,3,1
1,e_e004369,7,2,3,1
1,e_e004371,7,2,4,1
1,e_e004372,8,1,3,1
2,e_e004380,2,2,1,1
1,e_e004380,1,1,5,1
3,e_e004380,2,1,1,1
2,e_e004384,9,2,4,1
1,e_e004384,9,2,4,1
1,e_e004391,2,1,1,1
1,e_e004392,8,2,3,3
1,e_e004393,7,2,3,1
1,e_e004395,7,2,4,1
1,e_e004396,1,2,5,1
3,e_e004396,2,2,2,1
2,e_e004396,2,2,1,1
1,e_e004398,8,2,3,3
1,e_e004415,8,2,3,1
2,e_e004416,7,1,3,1
1,e_e004416,7,1,3,1
2,e_e004421,2,1,1,1
1,e_e004421,1,1,4,1
3,e_e004422,2,2,2,1
5,e_e004422,3,2,8,3
7,e_e004422,5,2,5,3
2,e_e004422,2,1,1,1
4,e_e004422,3,1,8,3
6,e_e004422,5,1,5,3
1,e_e004422,1,1,5,1
1,e_e004423,1,2,6,1
1,e_e004432,2,2,2,1
1,e_e004434,7,2,4,1
1,e_e004443,8,1,3,1
1,e_e004447,2,2,3,1
2,e_e004449,3,2,7,1
4,e_e004449,2,1,1,1
1,e_e004449,1,1,4,1
3,e_e004449,2,1,1,1
1,e_e004455,7,1,3,3
3,e_e004455,7,1,3,3
5,e_e004455,7,2,3,3
2,e_e004455,7,1,3,3
4,e_e004455,7,1,3,3
1,e_e004468,8,1,4,1
1,e_e004473,7,2,3,1
2,e_e004482,2,2,2,1
1,e_e004482,1,1,5,1
3,e_e004482,2,2,1,1
1,e_e004485,1,1,6,2
3,e_e004485,10,2,8,2
2,e_e004485,10,1,8,2
4,e_e004485,10,1,7,2
1,e_e004486,1,2,5,1
3,e_e004486,2,2,1,1
5,e_e004486,2,1,1,1
2,e_e004486,2,1,1,1
4,e_e004486,2,2,1,1
1,e_e004488,8,2,3,1
1,e_e004489,8,1,3,1
1,e_e004499,7,2,4,3
2,e_e004499,7,2,4,3
2,e_e004503,2,1,3,3
1,e_e004503,1,1,6,1
1,e_e004505,8,1,4,1
1,e_e004506,3,1,6,1
3,e_e004506,5,1,3,1
2,e_e004506,3,2,6,1
1,e_e004510,1,1,4,1
1,e_e004511,3,2,6,1
1,e_e004515,8,1,3,3
1,e_e004520,1,1,4,1
3,e_e004520,7,1,4,3
2,e_e004520,7,2,4,3
1,e_e004525,1,2,5,1
2,e_e004547,2,2,1,1
1,e_e004547,1,2,4,1
3,e_e004547,2,1,1,1
1,e_e004549,1,1,5,1
3,e_e004549,2,1,1,1
2,e_e004549,2,2,1,1
1,e_e004551,7,2,4,3
1,e_e004552,3,1,6,1
3,e_e004552,5,2,3,1
2,e_e004552,3,2,5,1
1,e_e004557,7,2,3,1
1,e_e004563,8,1,3,1
2,e_e004565,2,2,3,1
1,e_e004565,1,2,5,1
1,e_e004573,8,2,3,1
1,e_e004575,8,1,3,1
1,e_e004588,2,1,1,1
1,e_e004589,8,2,3,3
1,e_e004592,8,1,3,1
1,e_e004596,8,2,3,1
1,e_e004602,8,1,4,1
1,e_e004606,1,2,6,1
1,e_e004612,8,1,3,1
1,e_e004614,8,1,4,1
2,e_e004617,2,1,2,1
1,e_e004617,1,2,5,1
1,e_e004623,8,1,4,1
1,e_e004627,11,2,4,1
1,e_e004634,8,2,3,3
1,e_e004644,7,2,3,1
1,e_e004645,7,2,4,1
1,e_e004651,8,1,3,1
1,e_e004653,1,2,6,1
3,e_e004653,2,1,3,3
2,e_e004653,2,2,3,1
1,e_e004655,7,2,4,3
1,e_e004657,7,2,3,3
1,e_e004658,8,1,3,1
2,e_e004668,3,2,7,1
1,e_e004668,3,1,7,1
3,e_e004668,5,1,4,1
2,e_e004675,2,2,2,1
1,e_e004675,1,1,5,1
3,e_e004675,2,1,2,1
1,e_e004678,8,2,3,1
1,e_e004681,7,2,3,1
1,e_e004685,1,2,4,1
2,e_e004685,2,2,1,1
4,e_e004687,7,2,4,1
6,e_e004687,11,1,1,1
1,e_e004687,1,2,5,1
3,e_e004687,7,1,5,1
5,e_e004687,11,2,1,1
2,e_e004687,2,2,1,1
1,e_e004688,8,1,3,1
1,e_e004695,8,1,3,1
1,e_e004703,1,2,3,1
1,e_e004709,8,1,4,1
3,e_e004709,7,2,4,2
5,e_e004709,7,1,4,3
2,e_e004709,7,2,4,1
4,e_e004709,7,1,4,3
1,e_e004712,5,2,5,1
2,e_e004716,3,2,6,1
1,e_e004716,5,2,3,1
2,e_e004717,7,2,3,1
1,e_e004717,7,2,3,1
2,e_e004719,7,2,4,3
4,e_e004719,11,1,1,3
6,e_e004719,11,2,1,3
1,e_e004719,2,1,1,1
3,e_e004719,7,2,4,3
5,e_e004719,11,1,1,3
1,e_e004720,2,2,4,1
1,e_e004724,7,2,3,1
2,e_e004724,7,2,3,1
1,e_e004729,8,1,3,1
1,e_e004730,8,1,3,3
1,e_e004733,1,1,4,1
3,e_e004733,2,1,1,1
2,e_e004733,2,1,1,1
1,e_e004772,1,2,5,1
3,e_e004772,2,2,2,1
2,e_e004772,2,1,2,1
1,e_e004780,8,1,3,1
1,e_e004784,8,1,3,1
1,e_e004792,1,1,5,1
3,e_e004792,2,1,2,1
2,e_e004792,2,2,2,1
1,e_e004799,7,2,3,1
1,e_e004800,8,2,3,1
1,e_e004815,1,2,4,1
2,e_e004815,2,1,1,1
2,e_e004818,2,1,3,1
1,e_e004818,1,2,6,1
3,e_e004818,2,2,3,1
1,e_e004819,1,2,5,1
3,e_e004819,2,2,1,1
2,e_e004819,2,1,2,1
1,e_e004821,7,2,3,1
2,e_e004839,2,1,2,1
4,e_e004839,2,1,1,1
1,e_e004839,1,1,5,1
3,e_e004839,2,2,2,1
2,e_e004843,5,2,3,1
1,e_e004843,3,1,6,1
1,e_e004854,8,2,3,1
2,e_e004857,2,2,1,1
1,e_e004857,1,2,4,1
1,e_e004858,7,1,3,1
1,e_e004859,1,1,3,1
3,e_e004859,11,2,6,3
2,e_e004859,11,1,6,3
1,e_e004860,5,2,4,1
1,e_e004861,8,2,3,2
1,e_e004864,5,2,3,1
1,e_e004865,8,2,3,3
2,e_e004867,2,2,2,1
4,e_e004867,3,1,8,1
1,e_e004867,1,2,5,1
3,e_e004867,2,2,2,1
5,e_e004867,3,2,8,1
1,e_e004868,8,1,4,3
1,e_e004877,8,1,3,1
1,e_e004879,8,1,3,1
2,e_e004881,7,2,3,1
1,e_e004881,7,2,3,1
3,e_e004881,7,2,3,1
1,e_e004882,7,2,3,3
2,e_e004885,3,2,7,3
1,e_e004885,3,1,7,3
3,e_e004885,5,2,3,3
1,e_e004899,8,2,3,1
1,e_e004905,2,2,2,1
1,e_e004914,8,2,4,1
2,e_e004915,2,2,2,1
1,e_e004915,3,2,7,1
1,e_e004917,9,2,3,1
1,e_e004919,1,2,6,1
1,e_e004925,2,2,5,1
1,e_e004927,7,1,4,1
3,e_e004927,7,1,4,1
2,e_e004927,7,1,4,1
4,e_e004927,7,1,4,1
1,e_e004931,2,1,2,1
2,e_e004931,2,1,2,1
1,e_e004941,8,2,3,1
1,e_e004945,8,1,3,1
1,e_e004948,7,2,4,1
1,e_e004952,1,1,5,1
2,e_e004952,2,1,1,1
1,e_e004961,3,1,7,1
2,e_e004961,3,2,6,1
1,e_e004970,8,2,4,3
1,e_e004975,7,2,3,1
2,e_e004976,5,2,4,1
1,e_e004976,3,2,7,1
1,e_e004977,1,2,4,1
1,e_e004979,7,1,4,3
1,e_e004983,5,2,5,1
1,e_e004984,8,1,4,1
1,e_e004987,8,1,3,1
1,e_e004989,8,2,3,1
2,e_e004990,2,1,1,1
1,e_e004990,1,1,4,1
1,e_e005014,1,1,4,1
2,e_e005014,2,1,1,1
1,e_e005015,8,2,4,1
3,e_e005015,7,2,3,3
2,e_e005015,7,1,4,3
2,e_e005025,2,2,1,1
1,e_e005025,1,1,5,1
3,e_e005025,6,2,1,1
1,e_e005026,8,2,3,1
1,e_e005102,1,2,4,1
1,e_e005106,8,1,3,1
3,e_e005110,9,1,3,1
2,e_e005110,8,1,4,1
1,e_e005110,5,2,3,1
1,e_e005111,8,2,3,1
1,e_e005116,1,1,5,1
3,e_e005116,2,2,1,1
2,e_e005116,2,1,1,1
1,e_e005156,8,2,4,2
2,e_e005157,2,1,4,2
1,e_e005157,2,2,4,1
2,e_e005160,2,2,1,1
1,e_e005160,1,1,4,1
1,e_e005166,7,2,3,1
1,e_e005170,1,1,6,1
3,e_e005170,2,2,2,1
2,e_e005170,2,2,2,1
1,e_e005172,8,1,3,1
2,e_e005175,3,1,7,1
1,e_e005175,8,2,4,1
2,e_e005185,3,2,6,1
1,e_e005185,3,1,6,1
2,e_e005187,2,1,1,1
1,e_e005187,1,1,5,1
2,e_e005189,2,2,1,1
1,e_e005189,1,1,4,1
3,e_e005189,2,2,1,1
1,e_e005194,7,1,4,3
2,e_e005194,7,1,4,3
2,e_e005197,2,2,1,1
4,e_e005197,7,2,4,1
1,e_e005197,1,1,5,1
3,e_e005197,7,2,4,1
1,e_e005201,8,1,4,1
1,e_e005206,7,2,3,1
2,e_e005206,7,2,3,3
1,e_e005207,11,2,3,1
1,e_e005217,8,2,3,1
1,e_e005219,1,1,5,1
3,e_e005219,2,2,1,1
2,e_e005219,2,2,1,1
5,e_e005220,6,2,2,3
2,e_e005220,6,1,4,1
4,e_e005220,6,2,4,3
6,e_e005220,6,2,2,3
1,e_e005220,5,1,4,1
3,e_e005220,6,1,5,3
1,e_e005221,8,1,3,1
2,e_e005223,2,1,1,1
1,e_e005223,1,2,4,1
1,e_e005234,5,1,3,1
1,e_e005235,7,2,4,1
1,e_e005238,8,1,3,1
1,e_e005239,1,2,4,1
3,e_e005239,7,1,5,3
5,e_e005239,11,2,2,3
2,e_e005239,2,2,1,1
4,e_e005239,11,2,4,3
6,e_e005239,11,2,2,3
1,e_e005242,8,1,3,1
1,e_e005245,8,2,3,1
1,e_e005247,8,1,3,1
1,e_e005257,7,2,3,3
1,e_e005258,8,1,4,1
1,e_e005263,7,2,4,1
1,e_e005271,1,1,4,1
3,e_e005271,2,1,1,1
2,e_e005271,2,2,1,1
2,e_e005290,2,1,1,1
1,e_e005290,1,1,4,1
3,e_e005290,2,1,1,1
2,e_e005294,7,1,4,1
1,e_e005294,7,1,4,1
3,e_e005294,7,1,4,1
2,e_e005311,2,2,1,1
1,e_e005311,1,1,4,1
1,e_e005314,7,2,3,3
1,e_e005317,7,2,3,1
1,e_e005321,2,2,3,1
1,e_e005334,3,1,6,3
2,e_e005334,3,2,6,3
1,e_e005335,3,1,7,1
1,e_e005340,8,1,3,1
1,e_e005341,8,2,3,1
3,e_e005351,7,2,3,1
2,e_e005351,7,2,3,1
4,e_e005351,7,2,3,2
1,e_e005351,7,2,3,1
1,e_e005368,8,1,3,1
1,e_e005370,1,1,5,1
1,e_e005391,2,2,3,1
3,e_e005407,2,2,1,1
2,e_e005407,2,1,1,1
1,e_e005407,1,1,5,1
2,e_e005408,7,2,3,3
1,e_e005408,7,2,3,3
1,e_e005421,1,2,4,1
1,e_e005438,2,2,1,1
1,e_e005440,8,1,4,1
1,e_e005442,1,1,5,1
2,e_e005442,5,2,5,1
3,e_e005443,2,2,2,1
1,e_e005443,1,2,5,1
2,e_e005443,2,1,2,1
4,e_e005443,2,1,2,1
1,e_e005448,8,1,3,1
1,e_e005472,5,2,2,1
1,e_e005476,8,1,3,1
1,e_e005483,1,1,4,1
1,e_e005484,8,2,4,1
1,e_e005497,1,1,4,1
2,e_e005497,2,2,1,1
1,e_e005506,8,1,3,1
1,e_e005510,1,2,5,1
3,e_e005510,2,2,2,1
2,e_e005510,2,1,1,1
1,e_e005517,8,2,4,3
1,e_e005518,8,1,3,3
1,e_e005527,8,2,4,1
1,e_e005528,1,1,4,1
3,e_e005532,7,2,5,1
2,e_e005532,7,2,2,1
1,e_e005532,2,2,2,1
1,e_e005551,1,1,4,1
1,e_e005553,2,2,1,1
2,e_e005562,2,2,2,1
1,e_e005562,1,1,5,1
3,e_e005562,2,1,2,1
1,e_e005570,2,2,5,1
2,e_e005573,2,2,1,1
1,e_e005573,2,1,1,1
1,e_e005575,2,2,1,1
1,e_e005577,7,2,3,1
1,e_e005579,8,2,3,1
1,e_e005590,7,2,3,3
2,e_e005591,3,2,6,1
4,e_e005591,5,1,4,3
1,e_e005591,3,1,6,1
3,e_e005591,8,2,3,1
5,e_e005591,11,2,3,3
1,e_e005599,3,2,6,1
1,e_e005602,8,1,3,1
1,e_e005605,1,1,6,1
1,e_e005617,8,2,3,1
1,e_e005627,1,1,5,1
2,e_e005627,2,1,1,1
1,e_e005642,8,1,3,1
2,e_e005645,3,2,6,1
1,e_e005645,3,1,6,1
1,e_e005662,8,1,3,1
1,e_e005676,7,1,3,1
2,e_e005676,7,1,3,1
1,e_e005679,7,2,4,3
2,e_e005682,3,2,6,1
1,e_e005682,3,1,6,1
1,e_e005706,3,2,7,1
1,e_e005711,1,1,6,1
1,e_e005716,1,1,5,1
2,e_e005716,2,1,1,1
1,e_e005718,8,2,4,1
1,e_e005745,8,2,4,1
1,e_e005752,7,2,4,1
1,e_e005759,7,2,3,3
1,e_e005763,1,1,4,1
2,e_e005763,2,1,1,1
1,e_e005765,7,2,5,1
2,e_e005781,3,2,6,1
4,e_e005781,5,1,3,1
1,e_e005781,3,1,7,1
3,e_e005781,5,1,4,1
2,e_e005790,2,2,1,1
1,e_e005790,1,1,4,1
1,e_e005793,8,1,5,1
1,e_e005810,8,1,4,1
1,e_e005822,1,1,5,1
2,e_e005822,2,2,1,1
1,e_e005826,1,1,7,1
3,e_e005826,2,2,3,1
2,e_e005826,2,1,3,1
1,e_e005831,7,1,4,1
1,e_e005833,7,2,3,1
1,e_e005840,7,2,3,1
1,e_e005853,10,1,4,1
2,e_e005860,2,2,3,1
4,e_e005860,11,2,1,1
1,e_e005860,2,2,4,1
3,e_e005860,11,1,4,1
1,e_e005862,7,2,4,1
6,e_e005863,7,2,4,1
1,e_e005863,7,2,4,1
3,e_e005863,7,2,4,1
5,e_e005863,7,2,4,1
2,e_e005863,7,2,4,1
4,e_e005863,7,2,4,1
1,e_e005885,8,1,4,1
1,e_e005886,7,2,3,1
3,e_e005886,7,2,3,1
2,e_e005886,7,2,3,1
1,e_e005891,8,2,4,1
1,e_e005899,1,2,5,1
2,e_e005899,2,2,1,1
1,e_e005910,1,1,5,1
1,e_e005922,8,1,3,1
1,e_e005926,3,2,8,3
1,e_e005935,1,1,4,1
1,e_e005940,1,1,5,1
3,e_e005940,2,2,1,1
2,e_e005940,2,2,2,1
1,e_e005945,1,2,3,1
1,e_e005947,2,1,1,1
3,e_e005947,10,1,4,2
2,e_e005947,10,2,4,2
4,e_e005947,11,1,1,2
1,e_e005961,5,2,5,3
1,e_e005965,1,2,4,1
1,e_e005970,1,1,5,1
3,e_e005970,3,1,8,3
2,e_e005970,2,2,1,1
4,e_e005970,3,2,7,3
1,e_e005973,8,2,3,1
1,e_e005978,8,1,3,1
1,e_e005999,8,1,3,2
1,e_e006003,8,1,3,1
1,e_e006005,8,1,4,1
1,e_e006014,2,1,2,1
1,e_e006016,2,2,3,1
3,e_e006022,2,2,1,1
2,e_e006022,2,1,2,1
1,e_e006022,1,1,5,1
1,e_e006025,5,1,2,1
1,e_e006028,7,2,3,3
9,e_e006029,7,2,4,3
2,e_e006029,7,1,4,3
4,e_e006029,7,2,4,1
6,e_e006029,7,2,4,3
8,e_e006029,7,2,4,3
1,e_e006029,7,1,4,3
3,e_e006029,7,1,4,1
5,e_e006029,7,2,4,1
7,e_e006029,7,2,4,3
1,e_e006030,1,1,5,1
1,e_e006032,7,1,4,1
1,e_e006033,8,2,3,1
1,e_e006041,8,1,3,1
2,e_e006042,6,2,3,1
1,e_e006042,6,2,3,1
2,e_e006050,7,1,4,1
4,e_e006050,7,1,4,3
1,e_e006050,7,1,4,1
3,e_e006050,7,1,4,3
2,e_e006052,7,2,4,1
1,e_e006052,7,1,4,1
3,e_e006052,7,2,5,1
1,e_e006057,9,2,6,1
1,e_e006059,1,1,5,1
2,e_e006069,3,2,5,1
1,e_e006069,3,1,6,1
3,e_e006069,5,2,3,1
1,e_e006073,1,1,4,1
3,e_e006073,4,1,7,1
2,e_e006073,2,1,1,1
4,e_e006073,4,2,6,1
1,e_e006081,8,1,4,1
1,e_e006086,8,1,4,1
1,e_e006090,1,1,4,1
2,e_e006098,7,2,3,2
1,e_e006098,7,2,3,2
1,e_e006100,8,2,3,1
1,e_e006128,3,2,6,1
1,e_e006133,8,2,3,1
1,e_e006145,2,1,1,1
1,e_e006151,8,1,3,1
2,e_e006153,2,2,1,1
1,e_e006153,1,1,4,1
2,e_e006157,2,2,1,1
1,e_e006157,1,1,4,1
1,e_e006177,2,2,5,1
1,e_e006179,6,1,4,3
1,e_e006198,5,2,5,1
1,e_e006203,3,2,5,1
2,e_e006203,3,1,6,1
1,e_e006208,8,1,3,1
1,e_e006213,7,2,5,3
1,e_e006214,8,1,3,3
1,e_e006218,1,2,4,1
1,e_e006221,8,1,4,1
3,e_e006221,7,1,4,1
2,e_e006221,7,2,4,1
1,e_e006224,8,1,3,1
1,e_e006225,8,1,3,3
2,e_e006226,2,2,2,1
4,e_e006226,2,2,1,1
1,e_e006226,1,1,5,1
3,e_e006226,2,2,1,1
1,e_e006251,8,1,3,1
2,e_e006255,2,2,1,1
1,e_e006255,1,2,4,1
1,e_e006261,8,1,4,1
1,e_e006272,8,1,4,1
2,e_e006291,2,2,4,1
1,e_e006291,1,1,8,1
1,e_e006314,8,1,3,1
1,e_e006315,1,1,5,1
3,e_e006315,2,2,1,1
2,e_e006315,2,1,1,1
1,e_e006321,8,2,3,1
1,e_e006324,8,1,3,3
5,e_e006333,6,2,6,1
2,e_e006333,4,1,8,1
4,e_e006333,3,1,6,1
6,e_e006333,6,2,6,3
1,e_e006333,4,2,8,1
3,e_e006333,3,2,6,1
1,e_e006348,7,2,4,1
2,e_e006348,7,1,2,1
8,e_e006351,11,2,2,3
1,e_e006351,1,2,5,1
3,e_e006351,11,2,8,3
5,e_e006351,11,2,5,3
7,e_e006351,11,2,5,3
9,e_e006351,11,2,1,3
2,e_e006351,2,1,1,1
4,e_e006351,11,1,5,3
6,e_e006351,11,1,6,3
1,e_e006352,1,1,5,1
2,e_e006355,7,2,3,1
1,e_e006355,7,2,3,1
2,e_e006359,10,2,5,1
1,e_e006359,10,2,5,1
1,e_e006371,8,1,3,1
1,e_e006406,7,1,3,1
1,e_e006407,8,2,3,3
1,e_e006414,8,2,4,1
2,e_e006414,11,2,6,1
1,e_e006422,1,1,4,1
1,e_e006424,7,2,4,1
2,e_e006432,11,1,1,1
1,e_e006432,2,1,1,1
2,e_e006439,2,1,1,1
4,e_e006439,5,2,4,3
1,e_e006439,1,1,4,1
3,e_e006439,3,2,7,3
5,e_e006439,6,1,4,3
1,e_e006446,8,1,3,1
1,e_e006447,8,1,3,1
4,e_e006448,3,2,8,3
6,e_e006448,6,2,5,3
8,e_e006448,6,1,5,3
10,e_e006448,6,2,1,3
1,e_e006448,1,2,5,1
3,e_e006448,3,1,8,3
5,e_e006448,6,1,5,3
7,e_e006448,6,2,2,3
9,e_e006448,6,2,5,3
2,e_e006448,2,2,1,1
1,e_e006452,8,1,4,1
1,e_e006458,8,1,4,3
1,e_e006460,3,2,8,1
1,e_e006463,8,1,4,3
2,e_e006474,2,2,3,1
1,e_e006474,2,1,3,1
2,e_e006486,2,2,4,3
1,e_e006486,1,1,7,1
1,e_e006491,3,1,7,1
2,e_e006491,3,2,7,1
1,e_e006492,7,2,6,1
2,e_e006497,2,1,2,1
1,e_e006497,1,2,5,1
1,e_e006505,8,1,3,3
1,e_e006506,1,1,4,1
2,e_e006506,2,1,1,1
1,e_e006507,3,2,7,1
1,e_e006510,7,1,3,3
1,e_e006513,8,1,3,1
1,e_e006517,1,1,6,1
1,e_e006529,2,1,1,1
3,e_e006529,7,1,1,1
2,e_e006529,7,2,4,1
1,e_e006531,3,2,6,2
1,e_e006534,1,2,4,1
1,e_e006537,8,1,4,1
1,e_e006544,8,1,3,1
2,e_e006546,10,2,6,3
1,e_e006546,10,2,6,3
2,e_e006550,2,2,5,1
1,e_e006550,1,1,8,1
3,e_e006550,2,2,5,1
1,e_e006552,8,1,4,1
2,e_e006554,2,1,2,1
1,e_e006554,1,2,5,1
3,e_e006554,2,1,2,1
2,e_e006557,2,1,1,1
1,e_e006557,1,1,4,1
1,e_e006572,8,1,4,1
1,e_e006575,7,2,3,1
1,e_e006585,8,1,3,1
1,e_e006587,8,1,4,1
1,e_e006588,2,1,3,3
1,e_e006591,2,2,2,1
1,e_e006593,10,2,4,1
1,e_e006602,2,2,2,2
2,e_e006785,2,2,2,1
1,e_e006785,1,1,4,1
1,e_e006786,8,1,4,1
2,e_e006788,7,2,3,1
1,e_e006788,7,2,4,1
3,e_e006788,7,2,3,1
1,e_e006791,8,2,3,3
2,e_e006795,2,2,1,1
1,e_e006795,1,2,4,1
3,e_e006795,2,2,1,1
1,e_e006800,7,1,4,1
2,e_e006801,2,1,1,1
1,e_e006801,1,1,5,1
3,e_e006801,7,2,4,1
1,e_e006802,1,2,3,1
1,e_e006805,1,1,5,1
2,e_e006805,2,2,1,1
1,e_e006808,2,2,2,1
1,e_e006810,8,1,5,1
1,e_e006813,1,1,4,1
2,e_e006813,2,1,1,1
1,e_e006816,1,1,4,1
2,e_e006818,2,2,1,1
1,e_e006818,1,1,5,1
1,e_e006823,5,2,4,1
1,e_e006826,1,1,4,1
3,e_e006826,2,2,1,1
2,e_e006826,2,1,2,1
1,e_e006830,1,1,5,1
2,e_e006831,2,2,1,1
1,e_e006831,1,1,5,1
3,e_e006831,2,2,1,1
2,e_e006833,2,2,1,1
1,e_e006833,1,2,4,1
3,e_e006833,2,2,1,1
1,e_e006834,1,1,7,1
2,e_e006834,2,2,4,1
1,e_e006837,2,1,3,1
1,e_e006840,2,2,1,1
1,e_e006844,5,2,5,3
1,e_e006846,7,2,4,1
1,e_e006849,1,1,4,1
2,e_e006851,2,2,2,1
1,e_e006851,1,2,4,1
3,e_e006851,2,1,2,1
1,e_e006852,1,2,7,1
2,e_e006852,7,2,7,3
1,e_e006853,5,2,6,1
2,e_e006854,2,2,6,1
1,e_e006854,1,1,8,1
5,e_e006855,2,2,1,1
2,e_e006855,3,2,7,1
4,e_e006855,2,1,1,1
1,e_e006855,1,1,5,1
3,e_e006855,2,1,1,1
2,e_e006856,2,2,2,1
1,e_e006856,1,1,5,1
3,e_e006856,2,1,2,1
1,e_e006861,2,1,1,1
1,e_e006863,1,1,6,1
3,e_e006863,2,2,1,1
2,e_e006863,2,1,2,1
1,e_e006867,1,1,5,1
2,e_e006867,1,1,2,1
1,e_e006869,5,2,3,1
2,e_e006871,2,1,1,1
1,e_e006871,1,1,5,1
3,e_e006871,2,1,1,1
1,e_e006875,1,1,4,1
1,e_e006876,8,1,3,1
1,e_e006877,1,2,4,1
1,e_e006879,1,2,4,1
2,e_e006879,2,2,1,1
2,e_e006880,6,1,1,1
1,e_e006880,2,2,1,1
1,e_e006883,1,2,5,1
1,e_e006884,1,2,4,1
1,e_e006886,7,1,3,3
1,e_e006890,3,2,8,3
1,e_e006892,8,1,3,1
2,e_e006894,2,2,1,1
1,e_e006894,1,1,4,1
3,e_e006894,2,2,1,1
1,e_e006895,1,2,6,1
1,e_e006896,2,2,1,1
1,e_e006897,7,2,4,3
1,e_e006899,8,1,4,1
2,e_e006901,2,1,1,1
1,e_e006901,1,2,4,1
3,e_e006901,2,1,1,1
1,e_e006907,8,2,4,1
2,e_e006908,2,1,2,1
1,e_e006908,1,2,5,1
3,e_e006909,2,1,1,1
2,e_e006909,2,1,1,1
1,e_e006909,1,1,5,1
1,e_e006911,2,1,1,1
1,e_e006912,8,1,3,1
1,e_e006913,8,1,4,1
2,e_e006914,2,2,4,1
1,e_e006914,1,1,4,1
2,e_e006915,2,2,1,1
1,e_e006915,1,1,5,1
1,e_e006918,1,2,5,1
3,e_e006918,2,1,1,1
2,e_e006918,2,2,2,1
1,e_e006919,1,1,5,1
2,e_e006919,2,2,1,1
1,e_e006920,2,2,1,1
2,e_e006921,2,1,4,1
1,e_e006921,1,1,7,1
3,e_e006921,2,1,4,1
1,e_e006922,1,2,4,1
3,e_e006922,2,1,2,1
2,e_e006922,2,2,2,1
2,e_e006926,5,2,3,1
1,e_e006926,3,2,6,1
2,e_e006927,2,1,2,1
1,e_e006927,1,2,5,1
3,e_e006927,2,1,1,1
1,e_e006929,1,1,5,1
2,e_e006929,2,1,1,1
1,e_e006930,1,1,6,1
2,e_e006930,2,1,2,1
1,e_e006932,1,2,6,1
2,e_e006932,2,1,4,1
1,e_e006933,7,2,3,1
1,e_e006934,1,2,4,1
1,e_e006935,1,1,5,1
2,e_e006935,2,2,2,1
1,e_e006936,2,1,2,1
1,e_e006937,3,2,8,3
1,e_e006941,1,2,4,1
2,e_e006941,2,1,1,1
1,e_e006944,1,1,5,1
3,e_e006944,2,2,2,1
2,e_e006944,2,1,2,1
1,e_e006946,1,1,6,1
1,e_e006947,1,1,4,1
2,e_e006949,2,1,2,1
1,e_e006949,1,2,5,1
1,e_e006950,2,1,1,1
1,e_e006951,2,2,3,1
1,e_e006952,1,1,4,1
3,e_e006952,2,1,1,1
2,e_e006952,2,1,1,1
1,e_e006954,8,1,4,1
2,e_e006955,2,1,1,1
1,e_e006955,1,2,4,1
2,e_e007132,2,1,1,1
1,e_e007132,1,1,4,1
3,e_e007132,2,2,1,1
1,e_e007137,8,2,5,1
2,e_e007139,7,1,1,2
4,e_e007139,7,1,1,2
6,e_e007139,7,2,5,2
8,e_e007139,7,2,4,2
1,e_e007139,2,1,1,1
3,e_e007139,7,1,1,3
5,e_e007139,7,2,1,2
7,e_e007139,7,2,4,2
1,e_e007155,8,1,3,1
1,e_e007166,1,1,5,1
1,e_e007169,2,1,1,1
2,e_e007170,2,1,2,1
1,e_e007170,1,1,6,1
1,e_e007172,2,2,1,1
1,e_e007175,7,1,4,1
1,e_e007193,5,2,3,1
1,e_e007198,1,1,6,1
2,e_e007198,2,1,2,1
1,e_e007200,8,2,4,1
2,e_e007202,2,2,1,1
1,e_e007202,2,1,1,1
1,e_e007203,8,2,3,1
1,e_e007205,8,1,4,1
1,e_e007207,8,1,3,1
1,e_e007217,2,2,3,1
2,e_e007217,2,2,3,1
1,e_e007218,3,2,6,1
2,e_e007219,2,1,1,1
1,e_e007219,1,1,4,1
1,e_e007221,1,2,4,1
1,e_e007227,8,1,3,3
1,e_e007228,1,1,4,1
1,e_e007231,7,2,6,1
1,e_e007236,1,1,3,1
2,e_e007239,3,1,7,1
1,e_e007239,1,2,4,1
1,e_e007242,8,1,4,1
1,e_e007243,2,2,2,2
1,e_e007249,1,1,4,1
2,e_e007249,2,1,1,1
1,e_e007269,1,2,5,1
3,e_e007269,7,2,5,3
2,e_e007269,7,1,6,3
1,e_e007270,1,1,6,1
1,e_e007272,2,2,2,1
3,e_e007272,2,1,2,3
5,e_e007272,6,2,2,3
2,e_e007272,2,1,2,3
4,e_e007272,5,1,4,3
2,e_e007277,10,1,2,1
4,e_e007277,10,2,7,1
6,e_e007277,10,2,5,1
8,e_e007277,10,2,6,1
1,e_e007277,10,2,6,1
3,e_e007277,10,1,2,1
5,e_e007277,10,2,7,1
7,e_e007277,10,2,5,1
9,e_e007277,10,2,6,1
1,e_e007289,1,1,4,1
2,e_e007289,2,2,1,1
1,e_e007296,8,1,3,1
1,e_e007301,8,2,4,1
1,e_e007306,8,2,3,1
1,e_e007310,2,1,1,1
1,e_e007312,1,2,5,1
2,e_e007312,2,1,1,1
1,e_e007315,8,2,3,1
1,e_e007316,8,1,3,3
1,e_e007328,2,2,2,1
3,e_e007328,7,2,2,1
2,e_e007328,7,2,5,1
4,e_e007328,7,2,2,1
2,e_e007334,2,1,3,3
1,e_e007334,1,2,5,1
3,e_e007339,2,1,1,1
2,e_e007339,2,2,1,1
1,e_e007339,1,1,4,1
1,e_e007342,8,1,4,1
1,e_e007357,1,2,5,1
3,e_e007357,2,2,1,1
2,e_e007357,2,2,2,1
1,e_e007362,1,2,4,1
1,e_e007385,7,2,4,1
1,e_e007388,7,2,3,1
2,e_e007388,7,2,3,1
1,e_e007394,7,2,3,1
1,e_e007399,8,1,5,3
2,e_e007403,7,2,3,1
1,e_e007403,7,2,3,1
3,e_e007403,7,2,3,1
1,e_e007409,7,2,5,3
1,e_e007421,8,1,4,1
1,e_e007425,8,1,4,1
1,e_e007441,8,2,4,3
1,e_e007452,7,2,3,3
1,e_e007453,7,2,3,1
2,e_e007453,7,2,3,1
1,e_e007460,7,2,3,3
1,e_e007474,7,2,3,3
2,e_e007474,7,2,3,3
1,e_e007482,7,2,3,1
2,e_e007484,7,2,3,3
1,e_e007484,8,1,4,1
3,e_e007484,7,1,4,3
1,e_e007491,7,2,7,1
1,e_e007497,8,2,3,1
1,e_e007504,8,1,3,1
2,e_e007509,3,2,6,1
1,e_e007509,3,1,7,1
3,e_e007509,5,2,3,1
1,e_e007512,8,1,3,1
1,e_e007515,8,2,3,1
1,e_e007518,7,1,3,1
2,e_e007533,2,2,4,1
1,e_e007533,2,2,3,1
1,e_e007534,5,2,3,1
1,e_e007540,1,2,4,1
3,e_e007540,2,1,1,1
2,e_e007540,2,2,2,1
2,e_e007546,2,1,1,1
4,e_e007546,6,2,2,1
1,e_e007546,1,1,5,1
3,e_e007546,5,2,5,1
1,e_e007548,5,2,4,1
1,e_e007557,1,2,4,1
2,e_e007557,2,2,1,1
1,e_e007562,5,2,2,1
1,e_e007573,1,1,4,1
1,e_e007574,1,2,6,1
1,e_e007575,7,2,4,1
1,e_e007581,8,1,4,1
1,e_e007583,8,2,3,1
2,e_e007586,2,2,1,1
1,e_e007586,1,1,5,1
1,e_e007591,1,1,5,1
2,e_e007591,2,2,1,1
1,e_e007597,1,1,4,1
2,e_e007597,2,2,1,1
1,e_e007598,8,1,3,1
1,e_e007603,7,1,3,1
2,e_e007603,9,1,3,1
1,e_e007606,3,1,7,1
2,e_e007606,3,2,6,1
1,e_e007607,8,1,3,1
1,e_e007610,7,2,3,1
2,e_e007615,3,2,6,1
1,e_e007615,3,1,7,1
3,e_e007615,5,2,4,1
3,e_e007625,7,2,3,1
2,e_e007625,7,2,3,1
1,e_e007625,7,2,3,1
1,e_e007631,8,2,3,3
1,e_e007634,7,2,3,1
2,e_e007637,2,1,1,1
1,e_e007637,1,2,4,1
3,e_e007637,2,2,1,1
1,e_e007643,8,1,3,1
1,e_e007647,8,2,3,1
1,e_e007656,7,2,4,1
1,e_e007674,2,1,1,1
2,e_e007674,1,1,5,1
2,e_e007677,2,1,1,1
1,e_e007677,1,1,5,1
2,e_e007678,2,2,1,1
1,e_e007678,1,1,5,1
3,e_e007678,2,1,1,1
1,e_e007679,3,2,5,1
1,e_e007682,8,2,4,1
1,e_e007684,8,2,4,3
2,e_e007690,10,2,4,3
1,e_e007690,7,2,4,1
3,e_e007690,10,2,4,3
1,e_e007693,2,2,3,1
1,e_e007705,8,1,4,1
1,e_e007743,7,1,4,1
3,e_e007743,7,2,3,3
2,e_e007743,7,1,3,3
1,e_e007745,5,2,3,1
1,e_e007746,7,1,3,1
1,e_e007748,1,1,4,1
1,e_e007749,7,2,4,3
2,e_e007752,7,2,3,1
1,e_e007752,7,2,3,1
1,e_e007756,1,2,7,1
1,e_e007758,1,1,5,1
3,e_e007758,2,2,1,1
2,e_e007758,2,1,1,1
1,e_e007759,2,2,2,1
1,e_e007761,7,2,4,3
2,e_e007764,2,2,1,1
1,e_e007764,1,2,5,1
3,e_e007764,2,1,1,1
1,e_e007765,1,1,7,1
1,e_e007766,1,2,4,1
3,e_e007766,2,2,1,1
2,e_e007766,2,2,1,1
1,e_e007767,3,2,7,1
2,e_e007768,9,1,4,1
1,e_e007768,6,1,3,1
3,e_e007772,7,2,8,1
2,e_e007772,7,2,8,1
1,e_e007772,7,2,8,1
2,e_e007773,2,2,2,1
1,e_e007773,1,1,5,1
3,e_e007773,2,2,2,1
1,e_e007778,8,2,3,3
1,e_e007781,1,1,4,1
2,e_e007781,2,2,1,1
1,e_e007783,8,1,4,1
1,e_e007788,1,2,5,1
2,e_e007788,2,1,1,1
1,e_e007789,1,1,4,1
3,e_e007789,2,1,1,1
2,e_e007789,2,1,1,1
1,e_e007791,1,1,4,1
1,e_e007792,7,1,7,1
1,e_e007793,8,1,4,3
2,e_e007794,2,1,1,1
1,e_e007794,1,1,5,1
3,e_e007794,2,1,1,1
2,e_e007796,2,1,2,1
1,e_e007796,1,1,5,1
3,e_e007796,2,2,2,1
1,e_e007800,1,2,4,1
2,e_e007800,2,2,1,1
2,e_e007804,2,2,1,1
1,e_e007804,1,1,4,1
1,e_e007806,2,2,1,1
1,e_e007807,7,2,5,3
1,e_e007809,2,1,1,1
2,e_e007812,11,1,2,1
1,e_e007812,2,2,5,1
3,e_e007812,11,1,2,1
1,e_e007815,2,1,1,1
2,e_e007817,2,2,1,1
1,e_e007817,1,2,5,1
1,e_e007818,1,2,4,1
3,e_e007818,3,1,8,1
2,e_e007818,2,1,1,1
2,e_e007821,2,1,2,1
4,e_e007821,3,2,8,3
1,e_e007821,1,1,5,1
3,e_e007821,2,1,2,1
2,e_e007822,2,1,1,1
1,e_e007822,1,1,5,1
3,e_e007822,2,1,1,1
1,e_e007825,1,2,4,1
2,e_e007826,2,2,1,1
1,e_e007826,1,1,5,1
2,e_e007831,2,1,1,1
1,e_e007831,1,1,4,1
3,e_e007832,2,2,1,1
2,e_e007832,2,1,1,1
1,e_e007832,1,2,4,1
2,e_e007833,2,2,2,1
4,e_e007833,2,2,1,1
1,e_e007833,1,2,5,1
3,e_e007833,2,2,1,1
5,e_e007833,2,2,1,1
1,e_e007834,1,2,5,1
1,e_e007836,1,1,5,1
2,e_e007836,2,2,2,1
2,e_e007837,2,1,2,1
1,e_e007837,1,2,4,1
3,e_e007837,2,1,1,1
1,e_e007847,1,2,5,1
2,e_e007847,2,1,2,1
1,e_e007848,8,2,4,1
1,e_e007850,8,1,4,1
1,e_e007851,1,2,4,1
3,e_e007853,2,2,2,1
2,e_e007853,2,1,2,1
1,e_e007853,1,1,5,1
1,e_e007856,1,1,4,1
2,e_e007858,7,1,4,1
1,e_e007858,7,1,4,1
1,e_e007860,2,2,3,1
2,e_e007861,2,2,1,1
1,e_e007861,1,1,5,1
3,e_e007861,2,1,2,1
1,e_e007862,8,1,5,1
1,e_e007867,1,2,7,1
1,e_e007869,1,1,6,1
2,e_e007870,3,2,8,1
4,e_e007870,5,2,6,1
1,e_e007870,1,2,5,1
3,e_e007870,6,1,8,1
2,e_e007871,2,2,2,1
1,e_e007871,1,1,5,1
1,e_e007872,2,1,2,1
1,e_e007875,2,2,2,1
1,e_e007876,3,1,8,1
3,e_e007876,2,1,2,1
2,e_e007876,3,2,7,1
2,e_e007878,2,2,1,1
1,e_e007878,1,2,4,1
3,e_e007878,2,1,1,1
1,e_e007879,1,1,5,1
2,e_e007879,2,1,2,1
1,e_e007882,1,1,4,1
1,e_e007883,8,2,4,1
2,e_e007885,2,2,1,1
1,e_e007885,1,1,5,1
3,e_e007890,2,1,1,1
2,e_e007890,2,1,2,1
1,e_e007890,1,2,5,1
1,e_e007895,8,2,3,1
1,e_e007914,8,1,4,3
1,e_e007971,7,2,3,1
1,e_e007976,1,2,4,1
1,e_e007979,8,1,4,1
1,e_e007981,7,2,4,3
3,e_e007981,7,2,4,3
2,e_e007981,7,2,4,3
1,e_e008007,8,1,4,1
2,e_e008027,7,2,3,1
1,e_e008027,7,2,3,1
1,e_e008030,8,1,3,3
1,e_e008053,8,1,3,3
1,e_e008057,7,2,3,3
1,e_e008069,7,2,3,1
2,e_e008069,7,2,3,1
1,e_e008076,8,1,4,1
1,e_e008079,2,1,2,1
1,e_e008089,1,2,5,1
1,e_e008098,7,1,3,1
1,e_e008113,1,1,5,1
1,e_e008119,7,1,3,1
1,e_e008124,8,2,3,3
1,e_e008129,7,2,4,1
3,e_e008129,7,2,4,1
2,e_e008129,7,2,4,1
4,e_e008129,7,2,4,1
1,e_e008133,8,1,5,1
1,e_e008165,7,2,3,1
1,e_e008170,3,2,8,1
1,e_e008181,7,1,3,1
1,e_e008195,8,1,4,1
1,e_e008201,7,2,3,1
1,e_e008211,5,1,3,1
2,e_e008211,5,2,3,1
1,e_e008214,8,1,4,1
1,e_e008231,8,1,3,3
1,e_e008243,7,2,3,1
1,e_e008245,8,2,4,1
1,e_e008247,3,2,6,1
1,e_e008258,5,2,4,1
2,e_e008258,5,1,3,1
1,e_e008283,8,2,5,1
1,e_e008286,7,2,3,1
3,e_e008286,7,2,3,3
2,e_e008286,7,2,3,1
4,e_e008286,7,2,3,1
1,e_e008291,8,1,4,1
2,e_e008292,2,1,1,1
1,e_e008292,1,2,5,1
1,e_e008293,2,2,2,1
1,e_e008294,7,2,3,1
1,e_e008296,3,2,7,3
2,e_e008299,2,2,1,1
1,e_e008299,1,1,5,1
3,e_e008299,2,2,2,1
1,e_e008300,8,2,4,1
2,e_e008301,2,1,1,1
1,e_e008301,1,2,4,1
3,e_e008301,2,2,1,1
1,e_e008303,2,2,2,1
2,e_e008304,2,1,2,1
1,e_e008304,1,1,5,1
6,e_e008307,7,1,5,1
1,e_e008307,6,2,5,1
3,e_e008307,7,2,5,1
5,e_e008307,7,1,5,1
7,e_e008307,7,1,5,1
2,e_e008307,7,2,5,1
4,e_e008307,7,2,5,1
1,e_e008309,1,2,7,1
3,e_e008309,7,1,7,3
2,e_e008309,7,2,7,3
2,e_e008311,2,1,2,1
1,e_e008311,1,1,5,1
3,e_e008311,2,1,1,1
1,e_e008312,3,1,7,1
2,e_e008312,3,2,7,1
1,e_e008313,1,2,5,2
1,e_e008319,1,1,5,1
3,e_e008319,2,1,1,1
2,e_e008319,2,1,1,1
2,e_e008321,2,1,1,1
1,e_e008321,1,1,4,1
3,e_e008321,2,2,1,1
1,e_e008322,1,1,4,1
3,e_e008322,2,1,1,1
2,e_e008322,2,2,1,1
2,e_e008323,7,1,4,3
1,e_e008323,7,2,4,3
3,e_e008323,7,1,4,3
1,e_e008324,1,1,4,1
1,e_e008326,2,1,1,1
2,e_e008328,2,1,1,1
1,e_e008328,1,2,4,1
3,e_e008328,2,1,1,1
1,e_e008329,1,1,6,1
1,e_e008330,7,2,3,3
2,e_e008332,2,2,1,1
4,e_e008332,2,1,1,1
1,e_e008332,1,1,5,1
3,e_e008332,2,1,1,1
1,e_e008333,1,1,4,1
3,e_e008333,2,1,1,1
2,e_e008333,2,1,1,1
1,e_e008338,7,2,5,1
3,e_e008338,7,2,5,1
2,e_e008338,7,2,5,1
4,e_e008338,7,2,5,1
1,e_e008341,8,1,3,1
1,e_e008342,8,1,3,1
2,e_e008344,7,2,5,1
1,e_e008344,7,2,5,1
1,e_e008346,8,1,4,1
1,e_e008347,3,2,8,1
2,e_e008348,2,2,1,1
1,e_e008348,3,2,6,1
1,e_e008355,8,1,3,1
1,e_e008369,7,2,3,1
1,e_e008390,8,1,3,1
1,e_e008404,8,2,3,3
2,e_e008407,7,2,3,3
1,e_e008407,7,2,3,1
3,e_e008407,9,2,3,3
1,e_e008414,7,2,3,1
2,e_e008414,7,2,3,1
1,e_e008478,8,1,3,1
1,e_e008483,7,2,3,3
1,e_e008506,7,1,3,3
1,e_e008508,7,2,2,1
1,e_e008510,7,2,4,1
1,e_e008520,7,2,6,3
1,e_e008528,8,2,3,1
1,e_e008530,7,2,3,1
1,e_e008560,8,1,4,1
1,e_e008562,8,2,4,1
1,e_e008565,7,2,3,1
1,e_e008577,5,2,3,1
1,e_e008583,1,2,4,1
3,e_e008583,2,1,1,1
2,e_e008583,2,2,1,1
1,e_e008606,7,2,3,1
1,e_e008648,1,1,4,1
1,e_e008650,8,2,3,3
1,e_e008672,8,1,3,1
1,e_e008677,8,1,3,1
1,e_e008686,8,1,3,3
1,e_e008695,2,1,1,3
1,e_e008722,1,2,3,1
1,e_e008723,3,2,6,1
3,e_e008723,5,2,3,1
2,e_e008723,4,2,8,1
2,e_e008735,7,2,3,1
1,e_e008735,7,2,3,1
1,e_e008736,1,1,4,1
1,e_e008740,8,1,3,1
1,e_e008746,7,2,3,1
1,e_e008790,8,1,3,1
1,e_e008798,3,2,5,1
1,e_e008803,8,1,4,1
1,e_e008809,8,1,3,3
1,e_e008810,7,2,3,1
1,e_e008881,1,1,5,1
3,e_e008881,2,1,1,1
2,e_e008881,2,1,1,1
2,e_e008908,9,2,3,1
1,e_e008908,9,2,3,1
1,e_e008911,8,1,3,3
1,e_e008957,8,2,4,1
1,e_e008970,7,1,4,1
2,e_e008982,7,1,3,3
1,e_e008982,8,1,3,3
3,e_e008982,7,2,3,3
1,e_e009006,8,1,3,1
1,e_e009043,8,2,3,1
1,e_e009056,8,1,3,1
1,e_e009081,8,1,3,3
1,e_e009102,8,1,4,1
1,e_e009112,5,2,3,1
2,e_e009122,2,1,2,1
1,e_e009122,1,1,5,1
1,e_e009147,7,2,3,1
1,e_e009156,1,1,4,1
2,e_e009168,7,2,3,1
1,e_e009168,7,2,3,1
3,e_e009168,7,2,3,1
1,e_e009180,8,2,3,1
1,e_e009181,7,2,3,1
1,e_e009186,1,1,4,1
1,e_e009194,8,2,3,1
1,e_e009260,8,1,3,3
1,e_e009305,8,1,4,1
1,e_e009339,1,2,6,1
1,e_e009343,8,1,3,1
1,e_e009366,1,1,4,1
1,e_e009380,8,1,3,1
2,e_e009382,9,2,3,3
4,e_e009382,9,2,3,3
1,e_e009382,9,2,3,3
3,e_e009382,9,1,3,3
5,e_e009382,9,1,4,3
1,e_e009412,7,2,3,3
1,e_e009419,8,2,4,1
1,e_e009465,1,1,4,1
3,e_e009465,2,1,1,1
2,e_e009465,2,1,1,1
1,e_e009504,8,2,3,1
1,e_e009505,8,2,3,1
3,e_e009513,2,2,1,1
2,e_e009513,2,2,1,1
1,e_e009513,1,1,5,1
2,e_e009536,2,1,1,1
1,e_e009536,1,2,4,1
2,e_e009539,2,2,1,1
1,e_e009539,1,1,4,1
2,e_e009550,7,2,3,1
1,e_e009550,8,1,3,1
3,e_e009550,7,2,3,1
1,e_e009556,8,2,4,1
1,e_e009566,8,1,3,2
1,e_e009572,8,1,3,3
1,e_e009575,8,2,3,1
1,e_e009590,8,2,5,1
1,e_e009592,8,1,3,1
1,e_e009593,8,1,4,1
1,e_e009601,7,2,4,1
1,e_e009622,8,1,3,1
1,e_e009629,2,2,3,1
1,e_e009634,7,2,3,1
2,e_e009636,2,1,1,1
1,e_e009636,1,1,4,1
3,e_e009636,11,2,4,1
1,e_e009655,2,2,2,1
1,e_e009660,1,1,5,1
3,e_e009660,2,1,1,1
5,e_e009660,4,2,8,1
2,e_e009660,2,1,1,1
4,e_e009660,4,1,8,1
1,e_e009675,8,2,3,1
1,e_e009684,7,2,4,1
2,e_e009684,7,2,4,1
1,e_e009686,8,1,3,1
1,e_e009694,7,2,3,3
1,e_e009695,2,2,3,1
1,e_e009700,8,1,3,1
1,e_e009702,8,1,3,1
1,e_e009740,8,1,3,1
1,e_e009752,8,2,3,1
1,e_e009762,5,2,3,1
1,e_e009770,1,2,4,1
1,e_e009771,8,1,3,1
1,e_e009772,8,1,4,1
1,e_e009800,8,1,3,1
1,e_e009806,8,1,3,3
1,e_e009814,8,2,3,1
1,e_e009836,7,2,3,1
1,e_e009841,7,2,3,1
1,e_e009845,7,2,3,1
2,e_e009845,7,2,3,1
1,e_e009858,7,2,5,3
1,e_e009876,7,2,3,1
1,e_e009909,8,1,4,3
1,e_e009910,1,2,6,1
1,e_e009940,8,1,3,1
1,e_e009943,7,2,3,3
2,e_e009943,7,2,3,3
1,e_e009957,7,1,3,3
1,e_e009968,8,1,3,1
1,e_e010014,1,2,4,1
1,e_e010017,8,1,4,1
1,e_e010028,8,1,3,1
2,e_e010037,7,1,3,1
1,e_e010037,7,1,3,1
1,e_e010043,7,2,4,1
1,e_e010049,8,2,3,1
1,e_e010055,8,1,3,1
3,e_e010055,7,1,3,1
2,e_e010055,7,2,3,1
4,e_e010055,7,1,3,1
1,e_e010064,7,2,3,1
1,e_e010076,7,2,5,1
1,e_e010097,1,1,4,1
1,e_e010106,8,1,4,3
1,e_e010125,8,1,3,1
1,e_e010129,7,2,3,1
1,e_e010150,8,2,3,1
1,e_e010160,8,1,3,1
1,e_e010164,2,2,2,1
1,e_e010174,8,1,4,1
1,e_e010198,3,2,7,1
2,e_e010200,2,1,1,1
1,e_e010200,1,2,4,1
1,e_e010205,1,1,4,1
1,e_e010221,1,1,6,1
1,e_e010222,7,2,3,1
1,e_e010231,7,2,7,1
2,e_e010233,3,2,6,1
1,e_e010233,3,1,6,1
1,e_e010237,1,1,5,1
3,e_e010238,7,2,3,1
2,e_e010238,7,1,3,1
1,e_e010238,7,1,3,1
2,e_e010243,2,2,2,1
1,e_e010243,1,2,5,3
1,e_e010247,7,2,5,3
1,e_e010249,8,1,3,1
1,e_e010254,7,2,3,3
2,e_e010255,2,2,1,1
1,e_e010255,1,1,4,1
1,e_e010256,1,1,7,1
1,e_e010259,3,2,6,1
2,e_e010259,5,1,2,1
1,e_e010261,1,2,4,1
2,e_e010261,2,2,1,1
1,e_e010263,3,1,8,1
2,e_e010263,3,2,7,1
1,e_e010268,1,2,7,1
3,e_e010268,2,2,3,1
2,e_e010268,2,1,3,1
1,e_e010271,1,1,4,1
2,e_e010272,2,1,2,1
1,e_e010272,1,1,5,1
1,e_e010274,5,2,4,1
1,e_e010277,8,2,3,1
1,e_e010281,7,2,2,1
1,e_e010302,7,2,3,1
1,e_e010313,8,2,3,3
2,e_e010316,7,2,3,3
1,e_e010316,7,2,3,3
1,e_e010322,8,1,4,1
1,e_e010336,7,1,3,1
2,e_e010355,7,2,3,1
1,e_e010355,5,2,3,1
3,e_e010355,7,2,3,1
3,e_e010366,3,1,7,1
2,e_e010366,2,2,1,1
4,e_e010366,3,2,7,1
1,e_e010366,1,1,4,1
1,e_e010370,8,2,3,3
1,e_e010371,2,1,1,1
1,e_e010372,8,2,3,1
1,e_e010375,8,2,3,1
1,e_e010377,1,2,5,1
3,e_e010377,2,2,1,1
2,e_e010377,2,1,2,1
1,e_e010386,7,1,4,1
1,e_e010387,9,1,3,1
3,e_e010387,9,1,6,1
2,e_e010387,9,1,4,1
1,e_e010390,8,1,3,1
1,e_e010404,7,2,3,1
2,e_e010404,7,2,3,1
1,e_e010415,1,1,5,1
3,e_e010415,2,2,1,1
2,e_e010415,2,1,2,1
1,e_e010434,1,1,5,1
1,e_e010442,8,1,3,1
2,e_e010492,3,2,6,1
1,e_e010492,3,1,6,1
3,e_e010492,5,2,3,1
1,e_e010522,7,2,4,1
1,e_e010539,8,2,3,1
2,e_e010553,2,2,1,1
1,e_e010553,1,1,4,1
3,e_e010553,2,2,1,1
1,e_e010560,2,1,2,1
2,e_e010578,2,1,1,1
1,e_e010578,1,1,5,1
3,e_e010578,2,2,1,1
1,e_e010598,8,1,3,1
1,e_e010608,8,2,3,1
2,e_e010636,7,1,4,3
1,e_e010636,7,2,4,1
1,e_e010659,1,2,6,1
1,e_e010660,7,1,3,3
2,e_e010673,2,2,1,1
1,e_e010673,1,1,4,1
3,e_e010673,2,1,1,1
1,e_e010678,8,1,3,1
1,e_e010683,8,2,3,1
1,e_e010689,7,2,3,3
1,e_e010700,5,2,3,1
1,e_e010712,1,1,5,1
1,e_e010713,8,1,3,1
1,e_e010715,8,2,3,1
1,e_e010716,9,2,3,1
3,e_e010716,9,2,3,1
2,e_e010716,9,2,3,1
2,e_e010722,7,2,3,1
1,e_e010722,7,2,3,1
3,e_e010722,7,2,3,1
1,e_e010724,8,1,3,1
2,e_e010729,3,2,6,1
1,e_e010729,3,1,7,1
1,e_e010735,7,2,3,3
1,e_e010736,7,1,7,1
1,e_e010744,8,1,5,1
3,e_e010753,7,2,3,1
5,e_e010753,7,2,3,1
2,e_e010753,7,2,3,1
4,e_e010753,7,2,3,1
1,e_e010753,7,2,3,1
2,e_e010755,2,2,4,3
4,e_e010755,2,2,1,3
1,e_e010755,1,1,7,1
3,e_e010755,2,1,4,3
1,e_e010759,8,1,3,3
1,e_e010763,7,1,4,1
1,e_e010765,2,2,2,1
1,e_e010766,2,1,1,1
3,e_e010766,11,1,1,1
2,e_e010766,2,1,2,1
1,e_e010769,8,2,3,1
1,e_e010775,6,2,3,1
1,e_e010782,8,1,3,1
1,e_e010798,7,2,3,1
1,e_e010803,1,2,4,1
2,e_e010803,2,1,1,1
1,e_e010812,1,1,5,1
1,e_e010814,1,1,4,1
1,e_e010838,8,2,3,1
1,e_e010843,8,1,3,1
1,e_e010850,8,2,3,1
1,e_e010852,9,2,4,1
2,e_e010852,7,2,4,1
1,e_e010863,8,1,3,2
2,e_e010868,7,2,4,3
1,e_e010868,7,2,4,1
1,e_e010884,9,2,4,1
3,e_e010893,2,2,1,1
2,e_e010893,2,1,1,1
1,e_e010893,1,1,5,1
1,e_e010900,8,2,3,1
1,e_e010915,3,2,6,1
2,e_e010915,5,2,4,1
1,e_e010921,8,1,3,1
2,e_e010926,3,2,6,3
1,e_e010926,3,1,7,3
1,e_e010935,8,1,3,1
1,e_e010939,8,1,3,1
1,e_e010948,8,1,3,1
1,e_e010955,3,2,6,1
1,e_e010969,3,1,6,1
2,e_e010969,3,2,6,1
1,e_e010978,1,2,6,1
1,e_e010979,7,1,4,3
3,e_e010979,7,1,4,3
5,e_e010979,7,2,4,3
7,e_e010979,7,2,4,3
2,e_e010979,7,1,4,3
4,e_e010979,7,1,4,3
6,e_e010979,7,2,4,3
1,e_e010984,7,2,3,3
2,e_e010984,7,2,3,3
1,e_e010990,1,1,5,1
3,e_e010990,2,2,1,1
2,e_e010990,2,2,1,1
1,e_e010991,8,2,3,1
1,e_e011007,1,1,4,1
3,e_e011007,2,2,1,1
2,e_e011007,2,2,1,1
1,e_e011029,1,2,4,1
2,e_e011029,2,2,1,1
1,e_e011039,7,2,3,1
2,e_e011039,7,2,3,1
1,e_e011046,8,2,4,1
2,e_e011054,2,1,1,1
1,e_e011054,1,1,5,1
1,e_e011062,1,2,4,1
1,e_e011070,8,1,3,1
1,e_e011095,5,2,3,1
6,e_e011100,11,1,2,1
1,e_e011100,2,2,2,1
3,e_e011100,7,2,5,1
5,e_e011100,11,1,2,1
2,e_e011100,7,2,5,1
4,e_e011100,11,2,2,1
1,e_e011130,8,1,3,1
1,e_e011132,8,2,3,1
1,e_e011150,7,2,3,3
1,e_e011151,1,1,4,3
1,e_e011167,9,2,4,1
1,e_e011186,8,2,3,1
3,e_e011186,7,2,3,2
2,e_e011186,7,1,4,1
2,e_e011208,7,2,3,1
1,e_e011208,7,2,3,1
1,e_e011239,8,1,3,1
1,e_e011246,5,2,5,1
1,e_e011247,8,1,3,3
1,e_e011252,5,2,3,3
1,e_e011254,1,1,3,1
1,e_e011360,8,1,3,1
1,e_e011377,8,1,3,1
1,e_e011379,8,2,3,1
1,e_e011389,10,2,4,1
3,e_e011389,10,1,4,1
2,e_e011389,10,1,4,1
3,e_e011405,2,2,1,1
2,e_e011405,2,1,1,1
1,e_e011405,1,1,4,1
1,e_e011406,7,2,3,1
1,e_e011407,8,1,3,1
2,e_e011408,6,2,1,1
1,e_e011408,6,2,5,1
2,e_e011413,2,1,1,1
1,e_e011413,1,1,4,1
3,e_e011413,2,2,1,1
1,e_e011417,7,2,3,1
1,e_e011421,3,2,7,1
1,e_e011422,1,1,5,1
1,e_e011430,8,1,3,1
1,e_e011431,8,1,4,1
1,e_e011432,8,1,3,1
1,e_e011435,8,1,3,1
1,e_e011438,7,1,3,3
1,e_e011446,1,1,4,1
1,e_e011462,7,2,4,3
1,e_e011473,3,1,7,1
2,e_e011473,3,2,7,1
1,e_e011483,7,2,3,1
1,e_e011488,8,1,3,1
1,e_e011489,8,1,3,1
1,e_e011498,5,2,5,1
3,e_e011498,6,2,2,1
2,e_e011498,3,2,2,1
1,e_e011538,8,2,3,3
1,e_e011552,8,2,3,1
1,e_e011567,6,2,5,1
1,e_e011572,1,1,4,1
1,e_e011574,1,2,4,1
1,e_e011575,8,2,3,1
1,e_e011576,7,2,3,1
1,e_e011580,3,2,7,1
1,e_e011582,2,1,2,1
2,e_e011582,2,2,1,1
1,e_e011583,1,1,7,1
2,e_e011588,2,2,2,1
1,e_e011588,2,1,1,1
1,e_e011592,8,2,3,1
1,e_e011627,1,1,4,1
1,e_e011630,8,1,4,3
2,e_e011637,2,1,1,1
1,e_e011637,1,2,5,1
1,e_e011641,8,2,4,1
1,e_e011643,8,1,4,1
1,e_e011715,7,1,4,1
1,e_e011742,8,2,4,1
1,e_e011752,3,2,6,1
1,e_e011756,7,2,3,1
1,e_e011758,7,2,3,1
1,e_e011787,1,1,5,1
2,e_e011787,2,2,1,1
1,e_e011866,8,1,3,1
3,e_e011866,7,2,3,3
2,e_e011866,7,1,3,3
1,e_e011868,7,2,4,3
1,e_e011869,7,2,3,1
2,e_e011869,7,2,3,1
1,e_e011873,7,2,3,1
1,e_e011885,1,1,5,1
3,e_e011885,2,2,1,1
2,e_e011885,2,1,1,1
1,e_e011941,7,2,5,1
1,e_e012026,7,2,4,3
2,e_e012026,11,1,1,3
1,e_e012047,8,2,3,1
1,e_e012049,7,1,3,1
2,e_e012049,7,1,3,1
1,e_e012063,7,1,3,1
1,e_e012074,7,2,3,1
1,e_e012107,8,2,3,1
1,e_e012132,7,2,3,3
1,e_e012144,3,2,6,1
1,e_e012192,8,2,3,1
1,e_e012194,7,2,5,3
2,e_e012221,3,2,7,1
1,e_e012221,3,1,7,1
1,e_e012232,8,1,4,1
1,e_e012240,7,2,4,1
3,e_e012240,7,2,4,3
2,e_e012240,7,2,4,1
4,e_e012240,7,2,4,3
1,e_e012246,8,1,3,3
2,e_e012264,5,2,3,1
1,e_e012264,3,2,6,1
1,e_e012268,8,1,3,1
2,e_e012305,9,2,7,1
1,e_e012305,2,2,2,1
1,e_e012344,8,2,3,3
1,e_e012346,7,2,3,1
1,e_e012349,3,2,6,1
1,e_e012389,8,1,3,1
1,e_e012429,8,1,4,1
1,e_e012514,1,1,5,1
3,e_e012514,3,2,8,1
5,e_e012514,2,1,1,1
2,e_e012514,3,1,8,1
4,e_e012514,2,1,1,1
1,e_e012554,1,1,3,1
1,e_e012583,8,1,4,1
1,e_e012622,8,1,3,1
1,e_e012636,5,2,4,1
2,e_e012694,10,1,3,1
4,e_e012694,10,2,3,1
1,e_e012694,10,1,3,1
3,e_e012694,10,2,3,1
5,e_e012694,7,2,3,1
1,e_e012760,5,2,2,1
3,e_e012761,2,2,1,1
2,e_e012761,2,2,2,1
1,e_e012761,1,1,4,1
1,e_e012805,8,1,3,1
1,e_e012976,7,2,3,3
2,e_e013029,3,2,7,1
1,e_e013029,3,1,7,1
3,e_e013029,5,2,4,1
1,e_e013030,1,2,5,1
3,e_e013030,2,1,2,1
2,e_e013030,2,1,2,1
2,e_e013055,2,1,1,1
1,e_e013055,1,1,5,1
1,e_e013062,8,2,3,1
1,e_e013063,8,1,4,1
1,e_e013131,1,2,4,1
3,e_e013131,2,1,1,1
2,e_e013131,2,1,1,1
2,f_f000038,7,1,5,1
1,f_f000038,7,1,5,1
1,f_f000041,3,2,6,1
1,f_f000458,1,1,5,1
2,f_f000458,2,2,1,1
1,f_f003663,7,2,3,1
1,f_f006366,2,2,1,1
1,f_f006622,1,2,5,1
3,f_f006622,2,1,1,1
2,f_f006622,2,1,1,1
1,g_g000018,1,1,5,1
3,g_g000018,2,1,2,1
2,g_g000018,2,1,2,1
1,g_g003294,1,1,4,1
1,g_g005600,2,2,1,1
1,g_g010556,8,1,4,1
1,h_h003275,1,2,5,1
3,h_h003275,2,2,1,1
2,h_h003275,2,1,2,1
1,e_e000308,1,1,4,1
1,e_e000337,9,2,4,1
2,e_e000391,2,2,2,1
1,e_e000391,1,1,4,1
3,e_e000391,2,2,1,1
2,e_e000394,2,1,2,1
1,e_e000394,1,1,5,1
1,e_e000431,1,1,5,1
3,e_e000431,5,2,5,3
5,e_e000431,6,1,2,3
2,e_e000431,2,1,2,1
4,e_e000431,6,1,5,3
1,e_e000459,5,2,4,1
1,e_e000471,7,2,5,2
1,e_e000478,1,1,4,1
2,e_e000478,2,1,1,1
1,e_e000537,1,2,4,1
1,e_e000538,1,1,5,1
3,e_e000538,2,1,1,1
2,e_e000538,2,1,1,1
1,e_e000568,8,1,3,1
1,e_e000573,1,2,6,1
1,e_e000589,7,2,3,1
1,e_e000592,3,2,7,1
1,e_e000614,8,1,4,3
2,e_e000652,2,2,1,1
1,e_e000652,1,2,5,1
1,e_e000656,1,2,4,1
3,e_e000656,2,1,1,1
2,e_e000656,2,2,1,1
1,e_e000665,8,1,3,1
1,e_e000742,1,2,4,1
1,e_e000749,7,2,3,1
2,e_e000753,2,2,1,1
4,e_e000753,3,2,7,3
1,e_e000753,1,2,4,1
3,e_e000753,3,1,8,3
1,e_e000769,1,1,4,1
2,e_e000769,2,2,1,1
1,e_e000776,7,2,4,1
1,e_e000843,1,2,5,1
3,e_e000843,2,2,2,1
2,e_e000843,2,2,2,1
1,e_e000853,1,2,4,1
2,e_e000853,2,2,1,1
1,e_e000880,1,1,4,1
1,e_e000920,5,2,4,3
2,e_e000944,2,1,1,1
1,e_e000944,1,1,4,1
9,e_e000963,7,2,5,3
2,e_e000963,2,2,2,1
4,e_e000963,2,1,1,1
6,e_e000963,7,2,5,3
8,e_e000963,7,2,5,3
1,e_e000963,1,2,5,1
3,e_e000963,2,1,2,1
5,e_e000963,7,1,5,3
7,e_e000963,7,1,5,3
2,e_e001003,2,1,1,1
1,e_e001003,1,1,4,1
1,e_e001038,8,1,3,1
2,e_e001042,5,2,5,1
1,e_e001042,2,1,1,1
3,e_e001042,6,2,1,1
1,e_e001055,8,2,3,1
1,e_e001077,2,2,4,1
1,e_e001153,1,1,4,1
2,e_e001153,2,1,1,1
2,e_e001187,2,1,1,1
1,e_e001187,1,1,4,1
1,e_e001208,3,2,6,1
2,e_e001258,2,1,2,1
1,e_e001258,1,1,5,1
3,e_e001258,2,1,2,1
1,e_e001294,8,1,3,1
1,e_e001300,3,2,6,1
2,e_e001379,2,1,1,1
4,e_e001379,7,1,4,3
6,e_e001379,7,2,4,3
8,e_e001379,7,2,1,3
1,e_e001379,1,2,4,1
3,e_e001379,7,1,4,3
5,e_e001379,7,1,1,3
7,e_e001379,7,2,5,3
2,e_e001399,2,1,1,1
1,e_e001399,1,2,4,1
4,e_e001486,7,1,4,3
6,e_e001486,7,2,4,3
1,e_e001486,1,1,4,1
3,e_e001486,7,1,4,3
5,e_e001486,7,2,4,3
2,e_e001486,2,1,1,1
1,e_e001496,5,1,4,1
3,e_e001496,3,2,7,1
5,e_e001496,6,1,1,1
7,e_e001496,2,1,1,1
2,e_e001496,6,2,4,1
4,e_e001496,1,1,5,1
6,e_e001496,6,1,1,1
1,e_e001555,7,2,3,1
1,e_e001575,1,1,4,1
1,e_e001925,8,2,4,3
1,e_e001985,8,1,4,1
1,e_e002010,8,2,3,3
1,e_e002028,8,2,3,1
1,e_e002039,1,1,5,1
1,e_e002078,1,2,4,1
1,e_e002083,8,1,3,1
1,e_e002100,1,1,6,1
1,e_e002112,1,1,4,1
1,e_e002114,2,2,1,1
1,e_e002146,8,1,4,1
1,e_e002180,1,1,5,1
2,e_e002180,2,2,1,1
1,e_e002190,2,2,2,2
1,e_e002191,2,2,1,1
2,e_e002335,2,2,3,1
1,e_e002335,1,1,7,1
2,e_e002337,6,1,6,1
4,e_e002337,5,1,3,1
1,e_e002337,4,2,8,1
3,e_e002337,6,2,5,1
1,e_e002343,1,1,4,1
1,e_e002353,7,2,3,1
1,e_e002360,1,1,4,1
3,e_e002360,7,2,4,3
5,e_e002360,7,1,4,3
2,e_e002360,7,2,3,3
4,e_e002360,7,1,4,3
1,e_e002362,1,1,8,1
1,e_e002370,8,2,4,1
1,e_e002388,1,2,5,1
3,e_e002388,2,1,2,1
2,e_e002388,2,1,1,1
1,e_e002390,1,1,4,1
1,e_e002403,3,2,7,2
1,e_e002443,8,2,3,1
2,e_e002485,2,1,1,1
1,e_e002485,1,1,4,1
3,e_e002485,2,2,1,1
1,e_e002510,7,2,4,1
1,e_e002664,1,2,4,1
2,e_e002664,2,1,1,1
1,e_e002783,8,2,4,1
1,e_e002790,8,1,3,1
3,e_e003119,7,2,3,1
2,e_e003119,7,1,3,1
1,e_e003119,8,1,3,1
3,e_e003171,2,1,2,1
2,e_e003171,2,2,2,1
1,e_e003171,1,1,5,1
1,e_e003177,9,1,3,1
1,e_e003182,1,1,4,1
2,e_e003182,2,2,1,1
2,e_e003255,7,1,3,3
1,e_e003255,8,2,3,1
3,e_e003255,7,1,3,3
1,e_e003306,8,1,3,3
1,e_e003315,8,2,3,1
1,e_e003320,7,2,3,1
1,e_e003340,7,2,3,1
1,e_e003345,8,1,3,1
1,e_e003358,8,1,3,1
1,e_e003359,8,2,3,1
2,e_e003367,7,2,3,3
1,e_e003367,7,2,3,1
1,e_e003437,1,1,5,1
1,e_e003464,1,2,7,1
1,e_e003503,8,2,3,1
1,e_e003513,7,1,3,1
3,e_e003513,7,2,3,1
5,e_e003513,7,2,3,1
2,e_e003513,7,1,3,1
4,e_e003513,7,2,3,1
2,e_e003537,2,1,2,1
1,e_e003537,1,1,5,1
3,e_e003537,2,2,1,1
2,e_e003543,2,2,2,1
1,e_e003543,2,1,2,1
1,e_e003544,1,2,4,1
1,e_e003551,8,1,3,1
1,e_e003592,8,2,4,1
1,e_e003601,7,1,3,3
1,e_e003623,8,2,3,1
2,e_e003644,2,2,1,1
1,e_e003644,2,2,1,1
1,e_e003645,7,2,3,1
1,e_e003651,8,2,3,1
1,e_e003662,8,1,4,1
1,e_e003692,8,1,3,3
2,e_e003695,7,2,5,1
1,e_e003695,7,2,5,1
2,e_e003714,9,1,5,2
1,e_e003714,9,1,5,2
1,e_e003750,2,2,1,1
5,e_e003750,11,2,1,2
3,e_e003750,7,2,4,1
7,e_e003750,11,2,1,2
2,e_e003750,7,2,4,1
6,e_e003750,11,2,1,2
4,e_e003750,9,1,4,2
2,e_e003869,2,2,3,1
1,e_e003869,1,2,6,1
1,e_e003872,1,2,6,1
1,e_e003875,2,2,4,1
1,e_e003876,5,2,6,3
1,e_e003884,8,1,3,1
1,e_e003910,1,1,4,1
2,e_e003921,2,1,2,1
1,e_e003921,1,2,4,1
3,e_e003921,2,2,2,1
1,e_e003938,1,1,4,1
1,e_e003948,8,1,3,1
2,e_e003952,2,2,1,1
1,e_e003952,1,1,3,1
1,e_e003953,3,2,6,1
1,e_e003957,5,1,3,3
2,e_e003957,7,2,4,3
1,e_e004018,8,2,3,1
1,e_e004023,1,1,6,1
3,e_e004023,3,2,8,1
5,e_e004023,5,1,5,1
7,e_e004023,5,2,5,1
9,e_e004023,6,2,1,1
2,e_e004023,3,1,8,1
4,e_e004023,5,1,5,1
6,e_e004023,5,2,5,1
8,e_e004023,6,2,2,1
1,e_e004118,8,2,3,1
5,e_e004140,3,2,7,3
2,e_e004140,2,1,1,1
4,e_e004140,3,1,7,3
6,e_e004140,5,1,4,3
1,e_e004140,1,2,4,1
3,e_e004140,2,2,1,1
1,e_e004215,7,2,4,3
1,e_e004233,6,2,6,1
1,e_e004320,5,2,4,1
1,e_e004379,8,2,3,1
1,e_e004387,8,1,3,1
1,e_e004481,8,2,3,1
1,e_e004500,1,2,4,1
2,e_e004603,2,2,1,1
1,e_e004603,1,1,5,1
1,e_e004637,2,2,1,1
2,e_e004637,5,2,4,1
1,e_e004649,8,2,3,1
1,e_e004777,8,1,3,1
2,e_e004820,2,2,2,1
1,e_e004820,1,2,5,1
3,e_e004820,2,2,1,1
2,e_e004926,2,1,1,1
1,e_e004926,1,1,4,1
1,e_e004932,8,1,4,1
1,e_e005259,8,1,4,1
1,e_e005289,8,1,4,3
2,e_e005336,2,2,2,1
1,e_e005336,2,2,2,1
2,e_e005387,7,2,4,1
1,e_e005387,2,1,1,1
3,e_e005387,11,1,1,1
1,e_e005451,7,2,3,1
2,e_e005463,2,2,1,1
4,e_e005463,5,2,5,1
6,e_e005463,6,1,2,1
1,e_e005463,1,2,4,1
3,e_e005463,2,1,1,1
5,e_e005463,6,1,5,1
1,e_e005467,8,1,3,1
1,e_e005525,8,1,4,1
1,e_e005549,1,1,5,1
2,e_e005558,2,1,2,1
1,e_e005558,1,1,4,1
1,e_e005634,8,1,4,1
1,e_e005756,1,1,4,1
1,e_e005777,7,2,3,1
1,e_e005841,8,1,4,1
2,e_e005887,3,2,6,1
4,e_e005887,5,1,2,1
1,e_e005887,3,1,6,1
3,e_e005887,5,2,3,1
1,e_e005905,1,2,4,1
3,e_e005905,3,2,8,1
2,e_e005905,3,1,8,1
1,e_e005925,7,1,3,2
2,e_e005925,7,1,3,1
1,e_e005949,1,1,5,1
3,e_e005949,2,2,1,1
2,e_e005949,2,1,1,1
2,e_e006013,2,2,1,1
1,e_e006013,1,2,4,1
1,e_e006146,8,2,3,1
1,e_e006149,1,1,4,1
1,e_e006418,1,1,4,1
2,e_e006418,2,2,1,1
1,e_e006441,2,2,3,1
2,e_e006485,2,2,1,1
1,e_e006485,1,1,4,1
1,e_e006538,3,2,6,1
1,e_e006568,8,2,3,3
2,e_e006784,2,2,5,1
1,e_e006784,1,1,5,1
1,e_e006832,2,1,1,1
1,e_e006838,1,1,4,1
2,e_e006878,2,2,1,1
1,e_e006878,1,1,4,1
3,e_e006878,2,2,1,1
1,e_e007157,3,2,6,1
2,e_e007157,5,2,4,3
1,e_e007171,8,1,3,1
1,e_e007177,1,1,4,1
3,e_e007177,2,1,1,1
2,e_e007177,2,2,1,1
1,e_e007250,8,1,3,1
1,e_e007264,2,2,3,3
1,e_e007276,7,1,3,1
1,e_e007308,8,2,3,3
1,e_e007330,1,1,4,1
2,e_e007330,2,2,1,1
1,e_e007333,3,2,7,1
1,e_e007363,7,2,3,1
1,e_e007411,7,2,3,2
1,e_e007423,2,2,1,1
1,e_e007476,5,1,3,1
2,e_e007514,2,2,1,1
1,e_e007514,1,1,5,1
1,e_e007520,1,2,4,1
1,e_e007553,2,2,1,1
1,e_e007587,6,2,2,1
1,e_e007608,3,2,6,1
1,e_e007654,7,2,3,1
2,e_e007654,7,2,3,1
1,e_e007655,7,1,3,1
1,e_e007664,3,1,7,1
2,e_e007664,3,2,6,1
1,e_e007675,8,1,3,1
1,e_e007722,8,1,4,1
1,e_e007734,7,1,3,3
2,e_e007734,7,1,3,3
1,e_e007747,8,1,3,1
1,e_e007751,8,1,4,3
1,e_e007776,7,2,4,3
1,e_e007795,1,2,4,1
3,e_e007795,2,1,1,1
2,e_e007795,2,2,2,1
1,e_e007813,1,1,4,1
2,e_e007813,2,2,2,1
1,e_e007840,1,1,4,1
3,e_e007840,2,2,1,1
2,e_e007840,2,2,1,1
13,e_e007843,7,2,1,1
2,e_e007843,2,2,1,1
4,e_e007843,7,1,5,1
6,e_e007843,7,2,5,1
8,e_e007843,7,2,4,1
10,e_e007843,7,2,1,1
12,e_e007843,7,2,1,1
14,e_e007843,7,2,4,1
1,e_e007843,1,1,5,1
3,e_e007843,7,1,5,1
5,e_e007843,7,1,5,1
7,e_e007843,7,2,5,1
9,e_e007843,7,2,1,1
11,e_e007843,7,2,1,1
1,e_e007846,7,2,5,1
3,e_e007846,7,2,5,3
2,e_e007846,7,2,5,3
2,e_e007854,1,1,6,1
1,e_e007854,2,2,3,1
2,e_e007865,2,2,2,1
1,e_e007865,2,2,2,1
1,e_e007873,7,1,3,1
1,e_e007887,7,2,3,1
3,e_e007887,7,2,3,1
2,e_e007887,7,2,3,1
4,e_e007887,7,2,3,1
1,e_e007888,8,2,3,1
1,e_e007918,8,1,3,1
1,e_e007984,1,1,4,1
2,e_e008013,7,2,3,1
1,e_e008013,7,2,3,1
1,e_e008034,8,1,3,1
1,e_e008086,8,1,3,1
1,e_e008106,7,2,4,3
3,e_e008106,7,2,4,3
2,e_e008106,7,2,4,3
1,e_e008123,8,1,4,1
1,e_e008306,1,1,4,1
2,e_e008306,2,1,1,1
1,e_e008460,7,2,3,1
1,e_e008623,8,1,4,1
1,e_e008679,6,2,2,3
1,e_e008743,8,1,4,3
1,e_e008754,8,2,3,1
1,e_e008788,7,2,4,1
1,e_e008879,8,1,4,1
1,e_e009153,8,2,3,1
1,e_e009313,5,1,2,1
2,e_e009313,5,1,2,1
2,e_e009599,7,2,3,3
1,e_e009599,7,2,3,1
1,e_e009606,1,1,4,1
2,e_e009606,2,2,1,1
2,e_e009635,2,2,1,1
1,e_e009635,1,1,5,1
1,e_e009657,7,2,3,1
1,e_e009658,8,2,4,1
1,e_e010112,7,2,3,1
1,e_e010116,7,1,3,1
1,e_e010209,8,1,3,1
1,e_e010224,8,1,3,1
1,e_e010234,3,1,7,1
3,e_e010234,5,2,3,1
2,e_e010234,3,2,6,1
1,e_e010292,8,1,4,1
2,e_e010344,2,1,1,1
1,e_e010344,1,1,4,1
1,e_e010362,1,2,4,1
1,e_e010388,7,1,3,1
1,e_e010470,8,2,3,1
1,e_e010518,8,1,3,1
1,e_e010606,8,2,3,1
1,e_e010711,8,1,4,1
1,e_e010748,7,2,3,1
1,e_e010750,8,1,3,1
1,e_e010982,8,1,3,1
1,e_e011158,1,1,4,1
1,e_e011189,8,1,3,1
1,e_e011206,8,1,4,1
1,e_e011233,8,1,3,1
1,e_e011310,8,1,3,1
1,e_e011358,8,1,3,1
2,e_e011461,2,1,1,1
1,e_e011461,1,1,5,1
1,e_e011738,7,2,3,1
1,e_e012031,8,1,4,1
1,e_e012072,8,2,3,1
1,e_e012372,8,2,3,1
1,e_e012444,7,1,3,1
1,f_f006339,8,2,3,1
